,title,originallink,link,description,pubDate
0,"中 올해 서해에서 100차례 군사훈련, 尹정부는 아나",http://www.skyedaily.com/news/news_view.html?ID=164803,http://www.skyedaily.com/news/news_view.html?ID=164803,“일본의 무역보복 이후 3년여가 지난 가운데 한국 소재·부품·<b>장비</b>(소부장) 부문의 대(對)일본 수입 의존도가 한풀 꺾인 것으로 확인됐다. 같은 기간 대중국 의존도는 30% 선까지 상승해 여전히 공급망 다변화를 위한... ,"Thu, 18 Aug 2022 10:20:00 +0900"
1,"경기도-군, 수해복구 지원‘한뜻’…장병 6,000여명 투입",https://www.sedaily.com/NewsView/269UGM7UVF,https://n.news.naver.com/mnews/article/011/0004088823?sid=102,인력과 <b>장비</b>를 지원해 달라는 협조 공문을 지난 11일 육군 지상작전사령부(이하 지작사)에 발송했다.... 지난 11일부터 17일까지 6000여 명의 군 장병과 함께 중형 굴착기와 트럭 등 <b>장비</b> 30여 대를 지원해 수해복구에... ,"Thu, 18 Aug 2022 10:20:00 +0900"
2,"우리은행, &apos;Woori 탄생(탄소중립 생활 실천) 챌린지&apos;",http://www.pressm.kr/news/articleView.html?idxno=61963,http://www.pressm.kr/news/articleView.html?idxno=61963,챌린지 우수 참여 고객에게는 내구연한이 지난 소방<b>장비</b>를 활용해 제품을 만드는 국내 업사이클링 브랜드 &apos;119REO&apos; 제품과 기프티콘 등 다양한 상품이 증정될 예정이다. [프레스맨],"Thu, 18 Aug 2022 10:20:00 +0900"
3,"우리은행, 고객과 함께하는 &apos;Woori 탄생(탄소중립 생활 실천) 챌린지&apos; 실시",http://www.econonews.co.kr/news/articleView.html?idxno=256862,http://www.econonews.co.kr/news/articleView.html?idxno=256862,챌린지 우수 참여 고객에게는 내구연한이 지난 소방<b>장비</b>를 활용하여 제품을 만드는 국내 업사이클링 브랜드 &apos;119REO&apos;의 제품과 기프티콘 등 다양한 상품이 증정될 예정이다. 이원덕 은행장은 &quot;일상 속에서 실천하는 작은... ,"Thu, 18 Aug 2022 10:20:00 +0900"
4,"SKT, <b>장비</b> 하나로 여러 회선 관리 &apos;유무선 통합 허브 <b>장비</b> 상용화&apos;",https://it.chosun.com/site/data/html_dir/2022/08/18/2022081800862.html,https://it.chosun.com/site/data/html_dir/2022/08/18/2022081800862.html,"여러 광 회선을 한번에 관리할 수 있는 유무선 통합 허브 <b>장비</b>가 나왔다. 하나의 <b>장비</b>로 5G, 4G, 유선 인터넷 등 여러 종류의 서비스에 이용되는 광 회선을 동시에 관리하는 기기다. SK텔레콤은 이동통신망 프론트홀에... ","Thu, 18 Aug 2022 10:20:00 +0900"
5,"&quot;중고차 살 때 무조건 무조건이야&quot;…침수차, 카히스토리로 무료 조회",http://news.mk.co.kr/newsRead.php?no=730025&year=2022,https://n.news.naver.com/mnews/article/009/0005005818?sid=101,보험개발원 관계자는 &quot;전자<b>장비</b>가 많은 요즘 차량은 장마철 폭우로 인해 침수될 경우 차량 부품의 부식으로 안전상의 문제가 지속 될 가능성이 높다&quot;며 &quot;침수차량은 보험사고 접수 후 이틀 후면 카히스토리에 해당... ,"Thu, 18 Aug 2022 10:20:00 +0900"
6,[한눈에 보는 월가투자의견]월마트·홈디포 좋겠네…목표가 줄상향,http://www.edaily.co.kr/news/newspath.asp?newsid=01876166632428632,https://n.news.naver.com/mnews/article/018/0005294955?sid=101,"- 아거스리서치는 산업용 자동화 <b>장비</b> 및 항공전자 시스템 개발사 로크웰 오토메이션(ROK)의 목표주가를 250달러에서 290달러로 높이고, 투자등급은 매수(Buy) 유지. - 캐너코드 제뉴이티는 에너지 저장 제품... ","Thu, 18 Aug 2022 10:19:00 +0900"
7,"인비절라인 투명교정, 개개인에 맞는 정밀한 진단 계획 선행돼야",http://www.stardailynews.co.kr/news/articleView.html?idxno=328334,http://www.stardailynews.co.kr/news/articleView.html?idxno=328334,연세베스트치과의원 부천점 김기범 원장(교정과 전문의)은 &quot;결과적으로 성공한 치아교정이 되기 위해서는 개개인에게 맞는 정밀한 진단과 계획을 수립해 줄 수 있어야 한다&quot;며 &quot;면밀한 진단을 위한 첨단 <b>장비</b>가 구비되어... ,"Thu, 18 Aug 2022 10:18:00 +0900"
8,"SKT, 유무선 통합 허브 최초 상용화···&quot;네트워크 관리 강화&quot;",https://www.youthdaily.co.kr/news/article.html?no=108754,https://www.youthdaily.co.kr/news/article.html?no=108754,"허브 <b>장비</b>를 국내 최초로 상용화해 네트워크 관리 역량을 강화했다고 18일 밝혔다. 이번에 SKT가 상용화한 유무선 통합 허브 <b>장비</b>는 프론트홀 라우터(Fronthaul Router)의 일종으로, 하나의 <b>장비</b>로 5G, 4G, 유선 인터넷... ","Thu, 18 Aug 2022 10:18:00 +0900"
9,"카페24, 라이브커머스 전문가 컨설팅 지원 강화",https://zdnet.co.kr/view/?no=20220818095812,https://n.news.naver.com/mnews/article/092/0002265665?sid=105,서울쇼룸)&apos; ▲촬영 <b>장비</b> 기반으로 방송은 물론 마케팅까지 포괄적으로 돕는 &apos;JK라이브 스튜디오(개발사 제이케이디자인랩) 등 각양각색 라이브커머스 앱을 다운로드 받아 사용할 수 있다. 카페24는 향후에도 전문가를... ,"Thu, 18 Aug 2022 10:17:00 +0900"
10,김태흠 충남도지사 &apos;태안군민과의 대화&apos; 당면 현안 공유,https://www.news1.kr/articles/4776310,https://n.news.naver.com/mnews/article/421/0006283908?sid=102,"군민과의 대화 시간에서는 농어민 수당 지급 확대와 어업인 복지회관 조성, 이원간척지 내 이원호 준설, 조사료 생산시설 및 <b>장비</b> 지원, 생활체육공원 테니스장 비가림시설 설치 등 의견이 제시되기도 했다. 김태흠 지사는... ","Thu, 18 Aug 2022 10:17:00 +0900"
11,[다시보기] 8월 17일 (수) 오후 사이언스 투데이,https://science.ytn.co.kr/program/program_view.php?s_mcd=0082&s_hcd=0023&key=202208171701409575,https://science.ytn.co.kr/program/program_view.php?s_mcd=0082&s_hcd=0023&key=202208171701409575,"■ [바이오 위클리] 바이오 기업 IPO 한파...몸값 낮춰 도전 ■ 천문연, 우주망원경 스피어엑스 성능시험 <b>장비</b> 개발 ■ &apos;달 복귀&apos; 아르테미스 대형로켓 발사장으로 이동 ■ 인공 신경 이용해 신경 손상된 쥐 회복 성공... ","Thu, 18 Aug 2022 10:16:00 +0900"
12,"팡스카이, 모바일 MMORPG &apos;묵혼M&apos; 정식 출시",https://www.thisisgame.com/webzine/game/nboard/225/?n=155932,https://www.thisisgame.com/webzine/game/nboard/225/?n=155932,"독자적인 시스템인 &apos;강신&apos; 시스템이 주목받고 있으며, 최상의 <b>장비</b>를 획득하고 실력을 길러 천하를 평정할 수 있는 시스템을 갖췄다. 게임에는 빠르고 강력한 전투를 선보이는 대규모 PvP 및 긴장감 넘치는 보스 쟁탈전... ","Thu, 18 Aug 2022 10:16:00 +0900"
13,"하이크비전, SK네트웍스서비스와 SI 총판계약 체결",https://www.itbiznews.com/news/articleView.html?idxno=74982,https://www.itbiznews.com/news/articleView.html?idxno=74982,"SK네트웍스서비스는 IT솔루션·ICT서비스 전문기업으로 네트워크 운용, 구축·유지보수, 국내외 단말기 서비스, ICT <b>장비</b> 유통 등을 맡고 있다. 하이크비전은 영상 보안을 기반으로 성장해 혁신적인 보안 제품 및 솔루션을... ","Thu, 18 Aug 2022 10:16:00 +0900"
14,"카페24, 라이브커머스 지원 강화",http://www.apparelnews.co.kr/news/news_view/?idx=199843,http://www.apparelnews.co.kr/news/news_view/?idx=199843,서울쇼룸)’ ▲촬영 <b>장비</b> 기반으로 방송은 물론 마케팅까지 포괄적으로 돕는 ‘JK라이브 스튜디오(개발사 제이케이디자인랩)’ 등 각양각색 라이브커머스 앱을 다운로드 받아 사용할 수 있다. 이에 따라 온라인... ,"Thu, 18 Aug 2022 10:16:00 +0900"
15,"SKT, 5G·LTE·유선인터넷 연결하는 &apos;통합 허브 <b>장비</b>&apos; 상용화",http://news.mt.co.kr/mtview.php?no=2022081809552929490,https://n.news.naver.com/mnews/article/008/0004784360?sid=105,"SK텔레콤은 이동통신망 프론트홀에 적용되는 유무선 통합 허브 <b>장비</b>를 국내 최초로 상용화했다고 18일 밝혔다. 유무선 통합 허브 <b>장비</b>는 프론트홀 라우터의 일종이다. 하나의 <b>장비</b>로 5G, 4G, 유선 인터넷 등 여러... ","Thu, 18 Aug 2022 10:16:00 +0900"
16,"골프존, &quot;집중호우 침수피해 스크린골프매장&quot; 복구 지원",http://www.ccnnews.co.kr/news/articleView.html?idxno=266267,http://www.ccnnews.co.kr/news/articleView.html?idxno=266267,"침수피해 복구 지원은 골프존이 공급한 <b>장비</b>들을 대상으로 하며, 복구하는데 발생하는 부품 수리비, 교체비, 인건비 등 복구 관련 비용을 전액 지원할 계획이다. 골프존 박강수 대표이사는 &quot;이번 여름 집중호우로 인해 많은... ","Thu, 18 Aug 2022 10:14:00 +0900"
17,"한미일, PSI서 핵·화생방 방어 과정…&quot;포괄적 안보&quot;",http://www.obsnews.co.kr/news/articleView.html?idxno=1363347,http://www.obsnews.co.kr/news/articleView.html?idxno=1363347,내 CBRN 차단 기능&apos;이 중점적으로 다뤄졌습니다. 항만은 한반도 유사시 미 증원군의 최우선 증파와 <b>장비</b>·물자 주요 공급 거점으로 활용되는 만큼 북한 핵미사일의 주요 타격 좌표 중 하나로 꼽히고 있습니다.,"Thu, 18 Aug 2022 10:14:00 +0900"
18,"강북구, 북한산 국제클라이밍센터 교육프로그램 수강생 모집",http://www.m-i.kr/news/articleView.html?idxno=943275,http://www.m-i.kr/news/articleView.html?idxno=943275,"수강생들은 첫날 △△스포츠클라이밍 개요 △안전수칙 △<b>장비</b> 및 안전벨트 착용법 △오토매틱 사용방법... 하네스, 로프, 확보기 등 등반 <b>장비</b>는 센터에서 무료로 대여할 수 있으나, 개인 암벽화는 직접 가져와야 한다.... ","Thu, 18 Aug 2022 10:14:00 +0900"
19,"SK에코플랜트, ‘전기화학적’ 수처리 신기술로 고농도 폐수 정화",https://www.news2day.co.kr/article/20220818500096,https://www.news2day.co.kr/article/20220818500096,"㈜미시간기술은 앞으로 전기화학적 수처리 기술이 적용된 <b>장비</b>의 설치와 운영, 효율 테스트를 수행하게 된다. SK에코플랜트는 공동기술개발을 총괄하며 테스트 결과를 종합해 최적운영조건을 도출하는 역할을 맡는다.... ","Thu, 18 Aug 2022 10:14:00 +0900"
20,"SK에코플랜트, 수처리 신기술로 고농도 폐수 정화한다",https://view.asiae.co.kr/article/2022081810145187893,https://n.news.naver.com/mnews/article/277/0005134342?sid=101,"미시간기술은 앞으로 전기화학적 수처리 기술이 적용된 <b>장비</b>의 설치와 운영, 효율 테스트를 수행하게 된다. SK에코플랜트는 공동기술개발을 총괄하며 테스트 결과를 종합해 최적운영조건을 도출하는 역할을 맡는다.... ","Thu, 18 Aug 2022 10:14:00 +0900"
21,"원신과 차별화되는 파티플레이의 재미, 타워 오브 판타지",https://www.gamemeca.com/mv.php?inflow=naver_s&gid=1684080,https://n.news.naver.com/mnews/article/356/0000055302?sid=004,"이동용 <b>장비</b>부터, 벽을 부수며 적을 공격할 수 있는 다중 미사일 등 다양한 ‘에너지 기어’는 오픈월드를 돌아다니는 이동의 재미를 극대화시킨다. 특히 <b>장비</b> 중 하나인 머신 핸드와 제트팩을 함께 활용해 평소라면 갈 수... ","Thu, 18 Aug 2022 10:13:00 +0900"
22,"폴리텍대학 남인천캠퍼스, 복합기 활용 반도체 공정개발 교원연수 시행",https://www.dnews.co.kr/uhtml/view.jsp?idxno=202208180939202520776,https://www.dnews.co.kr/uhtml/view.jsp?idxno=202208180939202520776,플라즈마 복합기(PCMC) <b>장비</b> 가격은 1대당 3억3000만원이다. ㈜화인솔루션을 통한 정부 지원 사업으로 한국화학융합시험원(KTR)에서 장치 특성시험과 평가를 진행해 통과된 국내 최초로 개발된 혁신제품(KIP)<b>장비</b>이다.... ,"Thu, 18 Aug 2022 10:12:00 +0900"
23,"우리은행, &apos;탄소중립 생활 실천&apos; Woori 탄생 챌린지 실시",https://www.dailyimpact.co.kr/news/articleView.html?idxno=84128,https://www.dailyimpact.co.kr/news/articleView.html?idxno=84128,우리은행 관계자는 데일리임팩트에 &quot;챌린지 우수 참여 고객에게는 내구연한이 지난 소방<b>장비</b>를 활용해 제작된 업사이클링 제품을 포함해 기프티콘 등 다양한 상품을 증정할 예정&quot;이라고 설명했다. 이번 &apos;Woori 탄생... ,"Thu, 18 Aug 2022 10:12:00 +0900"
24,인천항 연안여객터미널에서 섬여행 떠나요,http://www.businesskorea.co.kr/news/articleView.html?idxno=98677,http://www.businesskorea.co.kr/news/articleView.html?idxno=98677,"한편, IPA는 연안여객터미널 이용객의 편의 증진을 위해 지난달부터 임시 주차장 108면을 추가 제공하고 있으며, 출입구 에어샤워, 전신소독기, 열화상카메라 등의 방역<b>장비</b>를 운영 중이다. 인천항 연안여객터미널의... ","Thu, 18 Aug 2022 10:12:00 +0900"
25,"우리은행, 고객과 함께하는 &apos;Woori 탄생 챌린지&apos; 실시",http://daily.hankooki.com/news/articleView.html?idxno=861233,http://daily.hankooki.com/news/articleView.html?idxno=861233,챌린지 우수 참여 고객에게는 내구연한이 지난 소방<b>장비</b>를 활용하여 제품을 만드는 국내 업사이클링 브랜드 &apos;119REO&apos; 제품과 기프티콘 등 다양한 상품이 증정될 예정이다. Woori 탄생(탄소중립 생활 실천) 챌린지와 관련된... ,"Thu, 18 Aug 2022 10:12:00 +0900"
26,장영진 산업부 차관 &quot;제2의 요소수 사태 초래 품목 없지만 공급망 안정화 지속...,http://www.newspim.com/news/view/20220818000139,http://www.newspim.com/news/view/20220818000139,"장 차관은 이날 &apos;제24차 산업자원안보 TF&apos;를 개최해 러시아, 중국, 대만 등 주요국의 공급망 리스크를 점검하고 공급망 위기관리를 위한 &apos;소재·부품·<b>장비</b>산업 경쟁력 강화를 위한 특별조치법&apos; 개정 방향에 대한 의견을... ","Thu, 18 Aug 2022 10:12:00 +0900"
27,"골프존, 집중호우 침수피해 입은 스크린골프 매장 복구 지원",https://www.news2day.co.kr/article/20220818500088,https://www.news2day.co.kr/article/20220818500088,"침수피해 복구 지원은 골프존이 공급한 <b>장비</b>를 대상으로 하며 복구하는데 발생하는 부품 수리비, 교체비, 인건비 등 복구 관련 비용을 전액 지원할 계획이다. 박강수 골프존 대표는 “이번 여름 집중호우로 많은이 들이... ","Thu, 18 Aug 2022 10:12:00 +0900"
28,"SKT, 유무선 통합 허브 상용화…네트워크 관리 역량 강화",http://www.datanet.co.kr/news/articleView.html?idxno=175610,http://www.datanet.co.kr/news/articleView.html?idxno=175610,"허브 <b>장비</b>를 국내 최초로 상용화해 네트워크 관리 역량을 강화했다고 18일 밝혔다. 이번에 SK텔레콤이 상용화한 유무선 통합 허브 <b>장비</b>는 프론트홀 라우터(Fronthaul Router)의 일종이다. 하나의 <b>장비</b>로 5G, 4G, 유선... ","Thu, 18 Aug 2022 10:12:00 +0900"
29,"지멘스 헬시니어스, &apos;MRI 연구 지원센터&apos; 개소",https://www.dailymedi.com/news/news_view.php?wr_id=887540,https://www.dailymedi.com/news/news_view.php?wr_id=887540,"또 레이저 프로젝터 및 스크린과 MRI 촬영 중 착용 가능한 시력보정 안경, fMRI 실험을 위한 반응 수집 장치 등 fMRI 전반적인 실험을 위한 다양한 <b>장비</b>가 구비돼 있다. 특히 지멘스 헬시니어스 소속 직원이 상주해... ","Thu, 18 Aug 2022 10:12:00 +0900"
30,[I can do IT!] 하반기도 서프라이즈 &apos;에치에프알&apos;,http://mbnmoney.mbn.co.kr/news/view?news_no=MM1004711830,http://mbnmoney.mbn.co.kr/news/view?news_no=MM1004711830,유무선 네트워크 <b>장비</b> 회사 Q. 2분기 역대 최고 실적 달성…평가는? A. 환율 효과 및 1분기 이연된 매출... 현재 5G 통신 <b>장비</b> 시장을 주도하는 곳은 미국 A. 미국 통신 3사 모두 투자 확대 움직임 A. 제4 통신사업자 디쉬... ,"Thu, 18 Aug 2022 10:12:00 +0900"
31,국립소방병원 연계 발전방안은?,http://www.ccreview.co.kr/news/articleView.html?idxno=314212,http://www.ccreview.co.kr/news/articleView.html?idxno=314212,"국립소방병원과 함께 이미 운영 중인 한국소방산업기술원 산하의 소방<b>장비</b>센터 등과 연계하려는 전략인... 유치 성공 뒤 각각 의료<b>장비</b> 구입비 명목으로 음성군이 100억원, 충북도 50억원, 진천군이 50억원을 분담하기로... ","Thu, 18 Aug 2022 10:10:00 +0900"
32,"카페24, 라이브커머스 지원 강화... 온라인몰 맞춤 기능 다양화",http://www.thevaluenews.co.kr/news/view.php?idx=171059,http://www.thevaluenews.co.kr/news/view.php?idx=171059,촬영 <b>장비</b> 기반으로 방송은 물론 마케팅까지 포괄적으로 돕는 &apos;JK라이브 스튜디오(개발사 제이케이디자인랩) 등 각양각색 라이브커머스 앱을 다운로드 받아 사용할 수 있다. 온라인 사업자들은 별도의 개발 없이 각종 투자... ,"Thu, 18 Aug 2022 10:10:00 +0900"
33,"서울구청장협, 수해복구 예산 요청 긴급 안건 의결",https://www.jeonmae.co.kr/news/articleView.html?idxno=909436,https://www.jeonmae.co.kr/news/articleView.html?idxno=909436,"이날 이성헌 협의회장은 &quot;기록적인 집중호우로 인해 사망자가 발생하는 등 위중한 상황에서, 자치구별 가용<b>장비</b>와 인력을 총동원해서 지원해주신 구청장님들께 감사드린다&quot;면서, &quot;시민들의 신속한 일상회복을 위해... ","Thu, 18 Aug 2022 10:10:00 +0900"
34,"진원생명과학 자회사 VGXI, 美 신규공장 10월 7일 준공식 개최",http://www.betanews.net:8080/article/1357109.html,http://www.betanews.net:8080/article/1357109.html,"회사 관계자는 &quot;신규공장은 4개의 개별 제조 트레인을 갖추고 있으며, 최첨단 생산 <b>장비</b>로 3,000L를 초과하는 유연한 발효 용량과 GMP 충전 및 마감 기능도 확장됐다&quot;고 설명하며 &quot;신규공장이 VGXI의 새로운 본사로... ","Thu, 18 Aug 2022 10:10:00 +0900"
35,"골프존, 침수 피해 스크린골프장 복구 지원",https://biz.chosun.com/distribution/channel/2022/08/18/VFWLF3FK55ABXKOUMEA4ORBQRA/?utm_source=naver&utm_medium=original&utm_campaign=biz,https://n.news.naver.com/mnews/article/366/0000834939?sid=101,"골프존은 스크린골프 <b>장비</b> 수리비, 부품 교체비, 인건비 등 침수 피해 <b>장비</b> 복구 관련 비용 전액을 지원한다는 계획이다. 골프존 측은 “이번 침수 피해 복구 지원은 스크린골프장 운영 사업주 및 시장과의 상생 차원”... ","Thu, 18 Aug 2022 10:10:00 +0900"
36,"크래프톤, &apos;썬더 티어원&apos; 업데이트 기념 할인 이벤트 진행 ",https://www.khgames.co.kr/news/articleView.html?idxno=203308,https://www.khgames.co.kr/news/articleView.html?idxno=203308,"이용자들은 새롭게 마련된 돌격소총, 기관단총, 산탄총 등의 신규 총기와 부착물, <b>장비</b>들을 통해 보다 전략적인 전술을 세우고 임무를 완수할 수 있다. 이외에도 카메라 모드를 변경할 수 있는 &apos;카메라 매니저&apos;가 모드... ","Thu, 18 Aug 2022 10:08:00 +0900"
37,순천 레미콘 회사서 물탱크 작업 중 50대 여성 추락,http://www.newspim.com/news/view/20220818000193,http://www.newspim.com/news/view/20220818000193,물탱크 작업 중 낙상 환자 구조 [사진=순천소방서] 2022.08.18 ojg2340@newspim.com 이에 순천소방서 119구조대와 인근 광양구급대가 출동해 사다리 등의 구조<b>장비</b>로 물탱크에서 추락한 50대 여성을 구조했다. 추락한... ,"Thu, 18 Aug 2022 10:07:00 +0900"
38,"모바일 MMO 신작 &apos;묵혼M&apos;, 구글플레이·원스토어 정식 출시",https://www.khgames.co.kr/news/articleView.html?idxno=203306,https://www.khgames.co.kr/news/articleView.html?idxno=203306,"아울러 이용자들은 최상의 <b>장비</b>를 획득하고 실력을 길러 천하를 평정할 수 있는 시스템을 만나볼 수 있다. 게임 내에서는 빠르고 강력한 전투를 선보이는 대규모 PvP 및 긴장감 넘치는 보스 쟁탈전, 동료와 함께 즐기는... ","Thu, 18 Aug 2022 10:06:00 +0900"
39,"우리은행, 고객과 함께하는 일상 속 ‘Woori 탄생(탄소중립 생활 실천) 챌린지...",http://kpenews.com/View.aspx?No=2503074,http://kpenews.com/View.aspx?No=2503074,우수 참여 고객에게는 내구연한이 지난 소방<b>장비</b>를 활용해 제품을 만드는 국내 업사이클링 브랜드 ‘119REO’의 제품과 기프티콘 등 다양한 상품이 증정된다. 자세한 사항은 우리은행 공식 인스타그램 계정에서 확인할... ,"Thu, 18 Aug 2022 10:06:00 +0900"
40,"조광페인트, 세계 최초 5G 음영 지역 해소용 도료 개발",http://amenews.kr/news/view.php?idx=49903,http://amenews.kr/news/view.php?idx=49903,"해당 기술은 통신 <b>장비</b> 산업 분야뿐만 아니라 △국방 △선박 △항공 등 다양한 분야에 활용할 수 있고, 5G를 넘어 향후 상용화가 예상되는 서브 테라헤르츠 대역 기반의 6G 통신 인프라 구축에도 크게 이바지할 할 수 있을... ","Thu, 18 Aug 2022 10:06:00 +0900"
41,"SK에코플랜트, 고농도 폐수 &apos;전기화학적&apos; 수처리로 정화",https://www.sedaily.com/NewsView/269UGRV0MQ,https://n.news.naver.com/mnews/article/011/0004088805?sid=101,"미시간기술은 앞으로 전기화학적 수처리 기술이 적용된 <b>장비</b>의 설치와 운영, 효율 테스트를 수행하게 된다. SK에코플랜트는 공동기술개발을 총괄하며 테스트 결과를 종합해 최적운영조건을 도출하는 역할을 맡는다. 또... ","Thu, 18 Aug 2022 10:05:00 +0900"
42,"이지스자산운용, 강남 오토웨이타워 &apos;LEED 플래티넘&apos; 획득",http://www.seoulfn.com/news/articleView.html?idxno=464515,http://www.seoulfn.com/news/articleView.html?idxno=464515,"또한 LEED 인증을 받기 위해 시설 내 화석연료 사용 <b>장비</b>를 수동 및 전기 기기로 교체했다. 아울러 물 절약 캠페인, 수도 재사용 등 기존에 해온 수자원 절감 조치에 더해 용도별 미터링을 추가 설치했다.... ","Thu, 18 Aug 2022 10:05:00 +0900"
43,"하이크비전, SK네트웍스서비스와 SI 총판 계약 체결",http://www.boannews.com/media/view.asp?idx=109155&kind=,http://www.boannews.com/media/view.asp?idx=109155&kind=,"SK네트웍스서비스는 IT솔루션 및 ICT 서비스 전문기업으로 네트워크 운용, 구축 및 유지보수, 국내외 단말기 서비스, ICT <b>장비</b> 유통 등을 맡고 있으며 IT인프라와 솔루션, 제휴 서비스가 통합된 토탈 네트워크... ","Thu, 18 Aug 2022 10:04:00 +0900"
44,"SKT, 유무선 통합 허브로 네트워크 관리 강화",https://www.ddaily.co.kr/news/article.html?no=244771,https://n.news.naver.com/mnews/article/138/0002130938?sid=105,SK텔레콤은 이동통신망 프론트홀에 적용되는 유무선 통합 허브 <b>장비</b>를 국내 최초로 상용화해 네트워크 관리 역량을 강화했다고 18일 밝혔다. 이번에 SK텔레콤이 상용화한 유무선 통합 허브 <b>장비</b>는 프론트홀... ,"Thu, 18 Aug 2022 10:04:00 +0900"
45,"진원생명과학 자회사 VGXI, 美 신규공장 10월 7일 준공식 개최",http://www.biotimes.co.kr/news/articleView.html?idxno=8511,http://www.biotimes.co.kr/news/articleView.html?idxno=8511,"시설과 규모를 살펴보면 4개의 개별 제조 트레인을 갖추고 있으며, 최첨단 생산 <b>장비</b>로 3,000L를 초과하는 유연한 발효 용량과 GMP 충전 및 마감 기능도 확장됐다. 또한 맞춤형 치료를 위한 소규모 신속 생산 서비스... ","Thu, 18 Aug 2022 10:04:00 +0900"
46,尹 담대한 구상 발맞추나…美 ‘북한 광산 인프라 부족’ 진단,https://www.etoday.co.kr/news/view/2164616,https://www.etoday.co.kr/news/view/2164616,NGA는 보고서에서 검덕지구에 납·아연·금·은 등 광물이 풍부하다는 점을 짚으며 특히 배터리·의약품·전기<b>장비</b> 등에 쓰이는 아연을 꼭집어 “북한이 세계에서 생산을 이끄는 선두주자가 될 역량을 갖췄다”며... ,"Thu, 18 Aug 2022 10:04:00 +0900"
47,"성형 실패로 인한 코재수술, 첫 수술보다 신중해야",https://mdtoday.co.kr/news/view/1065605233398259,https://mdtoday.co.kr/news/view/1065605233398259,라스트성형외과 최재호 원장은 “무엇보다도 재수술인만큼 수술 난이도가 상대적으로 높고 실패가 반복되지 않도록 첫 수술보다 신중해야 한다.”며 “저렴한 비용이나 과장된 후기에 현혹되지 말고 정밀 검사 <b>장비</b>를... ,"Thu, 18 Aug 2022 10:02:00 +0900"
48,"배트맨 없는 배트맨 게임 &apos;고담 나이트&apos;, 10월 정식 출시",https://www.khgames.co.kr/news/articleView.html?idxno=203305,https://www.khgames.co.kr/news/articleView.html?idxno=203305,"게임 플레이 가운데 플레이어블 캐릭터는 홈 베이스를 통해 자유롭게 전환이 가능하며, 외형은 캠페인 진행간 얻을 수 있는 새로운 무기, <b>장비</b> 등을 통해 커스터마이징할 수 있다. 한편, &apos;고담 나이트&apos;는 오는 10월 25일 PS5... ","Thu, 18 Aug 2022 10:02:00 +0900"
49,"조광페인트, 5G 음영 지역 해소용 도료 개발",http://www.wsobi.com/news/articleView.html?idxno=171787,http://www.wsobi.com/news/articleView.html?idxno=171787,"해당 기술은 통신 <b>장비</b> 산업 분야뿐만 아니라 국방, 선박, 항공 등 다양한 분야에 활용할 수 있고, 5G를 넘어 향후 상용화가 예상되는 서브 테라헤르츠 대역 기반의 6G 통신 인프라 구축에도 이바지할 할 수 있을 것으로... ","Thu, 18 Aug 2022 10:02:00 +0900"
50,"경기도-지상작전사령부, 관군 협력으로 긴급 수해복구 지원",https://www.dnews.co.kr/uhtml/view.jsp?idxno=202208180944272760782,https://www.dnews.co.kr/uhtml/view.jsp?idxno=202208180944272760782,"인력과 <b>장비</b>를 지원해 달라고 요청했다. 지작사 측에서도 도의 이 같은 요청에 적극적으로 부응해 지난 11일부터 현재까지 총 6,000여 명의 군 장병은 물론, 중형 굴삭기와 트럭 등 각종 <b>장비</b> 30여 대를 지원해... ","Thu, 18 Aug 2022 10:02:00 +0900"
51,"산업부, 민간 비축·수입 다변화 지원 소부장특별법 개정안 추진",http://news.heraldcorp.com/view.php?ud=20220818000140,https://n.news.naver.com/mnews/article/016/0002029851?sid=101,[헤럴드경제=배문숙 기자］정부가 글로벌 공급망 차질에 대비하기 위해 소재·부품·<b>장비</b>에 대한 민간의 비축과 수입다변화를 적극 지원키로 했다. 이를 위해 연내 소재부품<b>장비</b>특별법을 개정할 방침이다. 기존의... ,"Thu, 18 Aug 2022 10:02:00 +0900"
52,"산업부, 주요국 공급망 리스크 점검…&apos;제2의 요소수 사태&apos; 막는다",https://www.etoday.co.kr/news/view/2164580,https://www.etoday.co.kr/news/view/2164580,산업부는 기존에 경쟁력 강화와 기술·개발(R&amp;D)에 초점을 맞췄던 소부장(소재·부품·<b>장비</b>) 정책에 공급망 강화를 추가해 급변하는 국제 환경에 능동 대응할 방침이다. 장영진 산업부 1차관은 18일 서울 대한상공회의소... ,"Thu, 18 Aug 2022 10:02:00 +0900"
53,이지스자산운용 투자 성과…오토웨이타워 ‘LEED 플래티넘’ 획득 ,http://www.kukinews.com/newsView/kuk202208180038,http://www.kukinews.com/newsView/kuk202208180038,"또한 LEED 인증을 받기 위해 시설 내 화석연료 사용 <b>장비</b>를 수동 및 전기 기기로 교체했다. 아울러 물 절약 캠페인, 수도 재사용 등 기존에 해온 수자원 절감 조치에 더해 용도별 미터링을 추가 설치했다. 건물의 물... ","Thu, 18 Aug 2022 10:02:00 +0900"
54,"라이온스협회 부산지구, 동래구에 방역기 기부",https://www.dnews.co.kr/uhtml/view.jsp?idxno=202208180858585660756,https://www.dnews.co.kr/uhtml/view.jsp?idxno=202208180858585660756,"라이온스협회로부터 기탁받은 방역기는 <b>장비</b> 노후화로 잦은 고장, 자체 활동 예산 부족으로 어려움이 많던 동래구 자율방역단에 큰 도움이 될 전망이다. 동래구는 향후 원활한 하절기 자율방역 활동을 지원하기 위해... ","Thu, 18 Aug 2022 10:02:00 +0900"
55,[특징주] 진원생명과학 소폭 하락…자회사 VGXI 10월 美 공장 준공식 개최,https://www.jejutwn.com/news/article.html?no=142654,https://www.jejutwn.com/news/article.html?no=142654,회사 관계자는 “신규공장은 4개의 개별 제조 트레인을 갖추고 있고 최첨단 생산 <b>장비</b>로 3000L를 초과하는 발효 용량과 우수의약품제조 및 품질관리기준(GMP) 충전 및 마감 기능도 확장됐다”며 “신규공장이... ,"Thu, 18 Aug 2022 10:02:00 +0900"
56,유튜브 채널이 없는 건 무주택이나 마찬가지죠 [SynchroniCITY],https://weekly.donga.com/3/all/11/3568708/1,https://n.news.naver.com/mnews/article/037/0000031277?sid=103,<b>장비</b>발을 아무리 세우면 뭐 해요. 지속성이 훨씬 더 중요하다는 걸 갈수록 깨닫고 있어요. 현모 어쨌든 창작의 영역인데 지속한다는 게 쉽진 않죠. 여간 성실하지 않으면 못 할 일 같아요. 저한테는 편하게 쉬면서... ,"Thu, 18 Aug 2022 10:02:00 +0900"
57,"SK에코플랜트, 고농도 폐수 처리 신기술 개발...국내 최초 실증",https://www.viva100.com/main/view.php?key=20220818010004454,https://www.viva100.com/main/view.php?key=20220818010004454,"㈜미시간기술은 앞으로 전기화학적 수처리 기술이 적용된 <b>장비</b>의 설치와 운영, 효율 테스트를 수행하게 된다. SK에코플랜트는 공동기술개발을 총괄하며 테스트 결과를 종합해 최적운영조건을 도출하는 역할을 맡는다.... ","Thu, 18 Aug 2022 10:02:00 +0900"
58,이지스자산운용 &quot;오토웨이타워 ‘LEED 플래티넘’ 획득&quot;,https://www.etoday.co.kr/news/view/2164610,https://www.etoday.co.kr/news/view/2164610,"또한 LEED 인증을 받기 위해 시설 내 화석연료 사용 <b>장비</b>를 수동 및 전기 기기로 교체했다. 물 절약 캠페인, 수도 재사용 등 기존의 수자원 절감 조치에 더해 물 사용량을 추적 관리하기 위해 용도별 미터링을 추가... ","Thu, 18 Aug 2022 10:02:00 +0900"
59,"장영진 산업부 1차관, 주요국 공급망 리스크 점검",https://www.electimes.com/news/articleView.html?idxno=307800,https://www.electimes.com/news/articleView.html?idxno=307800,기존의 소부장특별법은 소재부품<b>장비</b> 산업의 중장기적 경쟁력강화 및 기술개발에 초점을 맞춰 산발적‧상시적으로 발생되는 글로벌 공급망 위기에 신속하게 대응하기에 어려웠던 것이 사실이다. 이에 산업부는 입법부와... ,"Thu, 18 Aug 2022 10:02:00 +0900"
60,"산업부, 산업자원안보TF서 러시아·중국 등 공급망 리스크 점검",https://www.yna.co.kr/view/AKR20220818023300003?input=1195m,https://n.news.naver.com/mnews/article/001/0013382284?sid=101,"특히 특정국 의존도가 높은 크립톤 등 반도체 희귀가스(러시아), 이차전지 소재(중국), 반도체 및 관련 소부장(소재·부품·<b>장비</b>) 품목(대만) 등 총 30여 개 핵심 품목에 대한 수급 현황과 비상시 대응 방안이 심도 있게... ","Thu, 18 Aug 2022 10:01:00 +0900"
61,산업부 “연내 소부장특별법 개정…민간비축·수입 다변화 지원”,http://www.edaily.co.kr/news/newspath.asp?newsid=01807286632428632,https://n.news.naver.com/mnews/article/018/0005294930?sid=101,정부가 연내 ‘소재·부품·<b>장비</b>산업 경쟁력 강화를 위한 특별조치법’(소부장특별법) 개정을 추진한다.... 3월 <b>장비</b>를 포함한 상시법으로 전면 개정했다. 그러나 현 전면개정안은 중·장기 경쟁력 강화와 기술개발에... ,"Thu, 18 Aug 2022 10:01:00 +0900"
62,"정부, 공급망 위기 대응 위해 소부장특별법 개정 추진",https://www.sedaily.com/NewsView/269UGW0024,https://n.news.naver.com/mnews/article/011/0004088801?sid=101,기존 소부장특별법은 소재부품<b>장비</b> 산업의 중장기적 경쟁력강화 및 기술개발에 초점을 맞춰 산발적·상시적으로 발생되는 글로벌 공급망 위기에 신속하게 대응하기에 어려웠다. 이에 산업부는 공급망 안정화를 위한... ,"Thu, 18 Aug 2022 10:01:00 +0900"
63,"산업부, 러 반도체 희귀가스 등 핵심품목 공급망 점검",http://www.newsis.com/view/?id=NISX20220818_0001982164&cID=10401&pID=10400,https://n.news.naver.com/mnews/article/003/0011369513?sid=101,소재·부품·<b>장비</b>산업 경쟁력 강화를 위한 특별조치법(소부장 특별법) 개정 방향을 논의했다. 산업부는 이날 장영진 1차관은 주재로 제24차 산업자원안보 태스크포스(TF)를 개최하고 이같은 사안에 대해 논의했다고 밝혔다.... ,"Thu, 18 Aug 2022 10:00:00 +0900"
64,[특징주] 메카로 주가 오름세...&quot;인수비용 최대 1억1000만 유로&quot;,https://www.gokorea.kr/news/articleView.html?idxno=728727,https://www.gokorea.kr/news/articleView.html?idxno=728727,"메카로는 반도체 제조 공정의 원재료인 전구체와 반도체 <b>장비</b> 내에서 웨이퍼를 흡착하고 가열해주는 히터블럭을 주력으로 생산하며 탄화규소 및 질화알루미늄 등의 세라믹 소재를 이용한 반도체, LCD, LED 부품 및... ","Thu, 18 Aug 2022 10:00:00 +0900"
65,"SK에코플랜트, ㈜미시간기술과 맞손…‘전기화학적’ 수처리 신기술로 고농도...",http://www.thebigdata.co.kr/view.php?ud=2022081809520694442d2db879fd_23,http://www.thebigdata.co.kr/view.php?ud=2022081809520694442d2db879fd_23,"㈜미시간기술은 앞으로 전기화학적 수처리 기술이 적용된 <b>장비</b>의 설치와 운영, 효율 테스트를 수행하게 된다. 김병권 SK에코플랜트 에코랩센터 대표는 “SK에코플랜트의 기술혁신은 환경사업이 당면한 취약점을... ","Thu, 18 Aug 2022 10:00:00 +0900"
66,"에프알텍·케이엠더블유, 5G 관련주 모두 하락 흐름…특히 에프알텍 3거래일 ...",http://www.econonews.co.kr/news/articleView.html?idxno=256854,http://www.econonews.co.kr/news/articleView.html?idxno=256854,케이엠더블유는 전 거래일보다 1.68%(500원) 낮은 2만9200원에 거래되고 있다. 이 회사는 16일 보합 마감한 뒤 17일 2.94%의 낙폭을 나타냈다. 케이엠더블유는 5G <b>장비</b> 관련 주식으로 꼽히고 있다.,"Thu, 18 Aug 2022 10:00:00 +0900"
67,수해 지역 효과적 관리 위한 &quot;복구대책지원본부&quot; 출범,https://www.safetynews.co.kr/news/articleView.html?idxno=214709,https://www.safetynews.co.kr/news/articleView.html?idxno=214709,지자체에서 인력과 <b>장비</b> 동원 등 행정적‧재정적 지원 요청이 있을 경우엔 관계기관‧민간단체 등과 적극 협업해 적기에 지원한다. 이상민 행정안전부 장관은 &quot;피해지역이 안정화될 때까지 복구대책지원본부를 운영할... ,"Thu, 18 Aug 2022 10:00:00 +0900"
68,"SKT, 유무선 통합 허브로 네트워크 관리 강화",http://www.businesskorea.co.kr/news/articleView.html?idxno=98672,http://www.businesskorea.co.kr/news/articleView.html?idxno=98672, SK텔레콤은 이동통신망 프론트홀에 적용되는 유무선 통합 허브 <b>장비</b>를 국내 최초로 상용화해 네트워크 관리 역량을 강화했다고 18일 밝혔다. 이번에 SKT가 상용화한 유무선 통합 허브 <b>장비</b>는 프론트홀... ,"Thu, 18 Aug 2022 10:00:00 +0900"
69,"SK에코플랜트, &apos;전기화학적&apos; 수처리 신기술로 고농도 폐수 정화한다∙∙∙국내...",http://www.worktoday.co.kr/news/articleView.html?idxno=27825,http://www.worktoday.co.kr/news/articleView.html?idxno=27825,"미시간기술은 앞으로 전기화학적 수처리 기술이 적용된 <b>장비</b>의 설치와 운영, 효율 테스트를 수행하게 된다. SK에코플랜트는 공동기술개발을 총괄하며 테스트 결과를 종합해 최적운영조건을 도출하는 역할을 맡는다. 또... ","Thu, 18 Aug 2022 10:00:00 +0900"
70,공급망 점검 나선 정부…&quot;연내 소부장특별법 개정 추진&quot;,https://view.asiae.co.kr/article/2022081809581117886,https://n.news.naver.com/mnews/article/277/0005134309?sid=101,정부는 공급망 안정화를 위해 &apos;소부장(소재·부품·<b>장비</b>) 특별법&apos; 개정도 연내 추진할 방침이다. 산업통상자원부는 장영진 1차관이 18일 서울 대한상공회의소에서 &apos;제24차 산업자원안보 태스크포스(TF)&apos;를 개최했다고... ,"Thu, 18 Aug 2022 10:00:00 +0900"
71,반도체·이차전지 30개 핵심품목 수급 비상 대응 …소부장법 개정 추진,https://www.news1.kr/articles/4776211,https://n.news.naver.com/mnews/article/421/0006283830?sid=101,(소재·부품·<b>장비</b>) 특별법 개정을 추진하겠다고 밝혔다. 장영진 산업원부 제1차관은 이날 TF를 개최해 글로벌... 기존의 &apos;소부장특별법&apos;은 소재부품<b>장비</b> 산업의 중장기적 경쟁력강화 및 기술개발에 초점을 맞춰 산발적... ,"Thu, 18 Aug 2022 10:00:00 +0900"
72,물 속에 잠긴 사체도 찾아낸다..수난탐지견,http://www.notepet.co.kr/news/article/article_view/?idx=26447&groupCode=AB110AD110,http://www.notepet.co.kr/news/article/article_view/?idx=26447&groupCode=AB110AD110,실종자 수색에는 81명의 인원에 <b>장비</b> 29대가 투입됐는데요. 구조대에는 수난탐지견도 포함돼 있었습니다.... 어떤 첨단<b>장비</b>보다도 기후나 환경의 제약이 없기 때문에 초동수색·탐색에 역할이 크다고 합니다. 현재 현재... ,"Thu, 18 Aug 2022 10:00:00 +0900"
73,[등산시렁] 저승에서 그를 소환했다 &quot;당신에게 솔로등반은?&quot;,http://san.chosun.com/news/articleView.html?idxno=21541,https://n.news.naver.com/mnews/article/094/0000010225?sid=103,"<b>장비</b>점에서 피톤 같은 걸 구하긴 했는데, 우리는 군사 교본 같은 걸 보고서 피톤 사용하는 방법을 배웠어요.&quot; &quot;혼자서(프리 솔로Free Solo) 등반을 한 건 언제부터였어요?&quot; &quot;15세 생일 때 엄마가 저에게 책을 선물했어요. &lt;등산... ","Thu, 18 Aug 2022 09:59:00 +0900"
74,"구멍난 암벽화 헐렁한 재킷, 새 것 처럼 고칩니다",http://san.chosun.com/news/articleView.html?idxno=21438,https://n.news.naver.com/mnews/article/094/0000010224?sid=103,"쓰던 <b>장비</b>가 고장 났을 때, 구매처나 해당 브랜드 AS센터로 가져가면 무리 없이 고쳐준다. 하지만 무상... 세상에 하나뿐인 내 <b>장비</b>, 소중하다면 아껴서 쓰자. 버리지 말고 고쳐서 쓰자! 아벨수선 45년 창갈이 장인... ","Thu, 18 Aug 2022 09:59:00 +0900"
75,"이지스자산운용, 오토웨이타워 &apos;LEED 플래티넘&apos; 획득",http://www.inews24.com/view/1511297,https://n.news.naver.com/mnews/article/031/0000692412?sid=101,"또 LEED 인증을 받기 위해 시설 내 화석연료 사용 <b>장비</b>를 수동과 전기 기기로 교체했다. 아울러 물 절약 캠페인, 수도 재사용 등 기존에 해온 수자원 절감 조치에 더해 용도별 미터링을 추가 설치했다.... ","Thu, 18 Aug 2022 09:59:00 +0900"
76,[21세기 헤비듀티] 물렁물렁하지만 ′막강′한 물통,http://san.chosun.com/news/articleView.html?idxno=21546,https://n.news.naver.com/mnews/article/094/0000010223?sid=103,수록된 제품 소개 기사는 편집숍 주인이 튼튼(HeavyDuty)하고 좋은 아웃도어 <b>장비</b>를 손님에게 추천하는... 트레일러닝을 할 때 꼭 챙겨야 할 중요한 <b>장비</b>들이 많지만 물통 같은 사소한 것도 제대로 준비해야 한다. 그렇게... ,"Thu, 18 Aug 2022 09:58:00 +0900"
77,"SKT, 유무선 통합 허브로 네트워크 관리 강화",http://www.m-i.kr/news/articleView.html?idxno=943248,http://www.m-i.kr/news/articleView.html?idxno=943248,"허브 <b>장비</b>를 국내 최초로 상용화해 네트워크 관리 역량을 강화했다고 18일 밝혔다. 이번에 SKT가 상용화한 유무선 통합 허브 <b>장비</b>는 프론트홀 라우터(Fronthaul Router)의 일종으로, 하나의 <b>장비</b>로 5G, 4G, 유선... ","Thu, 18 Aug 2022 09:58:00 +0900"
78,"한솔테크닉스, &apos;아이원스&apos; 인수 효과 톡톡",https://view.asiae.co.kr/article/2022081809585925266,https://n.news.naver.com/mnews/article/277/0005134307?sid=101,"지난 1월 한솔테크닉스가 인수한 아이원스는 반도체 <b>장비</b>용 부품 제조 및 코팅, 세정 등을 영위하고 있는 업체로, 반도체 핵심 재료인 웨이퍼 가공에 필요한 체임버 등을 국산화한 국내 소재·부품·<b>장비</b>업계 대표 기업... ","Thu, 18 Aug 2022 09:58:00 +0900"
79,"카리스, 우크라이나 재건사업 참여 본격화",http://www.sporbiz.co.kr/news/articleView.html?idxno=628940,http://www.sporbiz.co.kr/news/articleView.html?idxno=628940,지난 2020년 7월엔 우크라이나 로켓 생산업체·<b>장비</b>제조업체인 유즈마시와 전기버스 5000대와 충전소 7800곳 생산을 위한 양해각서(MOU)를 체결했다. 지난해 11월엔 우크라이나 조달 관련 국가기관인 DZI를 통해 우크라이나에... ,"Thu, 18 Aug 2022 09:58:00 +0900"
80,"송파구, 9월 ‘송파형 첨단 옐로카펫’ 전국 최초 설치",http://www.boannews.com/media/view.asp?idx=109148&kind=,http://www.boannews.com/media/view.asp?idx=109148&kind=,"무신호 횡단보도인 ‘잠전초교’ 앞에 설치, 인공지능카메라가 영상으로 위험 요소 사전 인지[보안뉴스 ] 송파구가 오는 9월 통학로 사각지대 개선을 위해 잠전초등학교 정문 앞에 첨단 <b>장비</b>를 도입한 ‘송파형 첨단... ","Thu, 18 Aug 2022 09:58:00 +0900"
81,[장중시황] 코스피 기관 매도에 2500선 무너져,http://www.g-enews.com/ko-kr/news/article/news_all/202208180953344446edf69f862c_1/article.html,http://www.g-enews.com/ko-kr/news/article/news_all/202208180953344446edf69f862c_1/article.html,"01%↓), 운수<b>장비</b> (2.32%↓), 유통업 (0.77%↓), 전기가스업 (0.3%↓), 건설업 (1.13%↓), 운수창고 (1.38... 25%↑), 기계,<b>장비</b> (0.53%↓), 일반전기전자 (0.82%↓), 의료,정밀기기 (0.76%↓), 운송<b>장비</b>,부품 (0.71... ","Thu, 18 Aug 2022 09:58:00 +0900"
82,"메이크솔루션스, 짝퉁 건강기능식품 근절할 수 있는 첨단 위조방지솔루션 공급",https://www.dailian.co.kr/news/view/1143687/?sc=Naver,https://n.news.naver.com/mnews/article/119/0002631237?sid=101,첨단 인쇄<b>장비</b>를 통해 가변QR코드를 인쇄하여 제품마다 개별값을 부여하여 보안성을 높였고 브랜드 관리자는 전세계 실시간 정품인증 현황을 확인하여 가품 발생 의심지역 및 전세계 유통흐름을 파악할 수 있다. 또한... ,"Thu, 18 Aug 2022 09:57:00 +0900"
83,"SK에코플랜트, 고농도 폐수 정화 신기술 국내 첫 실증 추진",http://www.joseilbo.com/news/news_read.php?uid=463666&class=17&grp=,https://n.news.naver.com/mnews/article/123/0002283497?sid=101,"미시간기술이 전기화학적 수처리 기술이 적용된 <b>장비</b>의 설치와 운영, 효율 테스트를 수행하게 되며 SK에코플랜트가 공동기술개발을 총괄하며 테스트 결과를 종합해 최적운영조건을 도출하는 역할을 맡고 인공지능과... ","Thu, 18 Aug 2022 09:56:00 +0900"
84,서일대 미국 할리우드에서 글로벌 전공 연수 진행,http://www.veritas-a.com/news/articleView.html?idxno=425938,http://www.veritas-a.com/news/articleView.html?idxno=425938,이번 사업의 핵심은 영화전공 대학생들이 자신들의 작품을 영화의 본고장인 미국 LA 할리우드에서 현지 <b>장비</b>로 현지 스텝 및 배우와 함께 직접 제작한다는 점에 있다. 서일대 대학본부와 영화방송공연예술학과 학생들은... ,"Thu, 18 Aug 2022 09:56:00 +0900"
85,"보령, 국립공원공단과 안전사고 예방 등 업무협약",http://www.yakup.com/news/index.html?mode=view&cat=12&nid=272481,http://www.yakup.com/news/index.html?mode=view&cat=12&nid=272481,"협약식 자리에서는 공단 직원들이 현장근무시 발생할 수 있는 근골격계 질환예방에 도움이 되는 보호<b>장비</b> 8품목 1,300여 개를 기부하는 전달식도 함께 이뤄졌다. 보령은 보호<b>장비</b> 기부를 시작으로, 임직원 봉사활동... ","Thu, 18 Aug 2022 09:56:00 +0900"
86,"SKT, 유무선 통합 허브 <b>장비</b> 상용화",https://www.econovill.com/news/articleView.html?idxno=586247,https://www.econovill.com/news/articleView.html?idxno=586247,SKT가 이동통신망 프론트홀에 적용되는 유무선 통합 허브 <b>장비</b>를 국내 최초로 상용화해 네트워크 관리 역량을 강화했다고 18일 밝혔다. 유무선 통합 허브 <b>장비</b>는 프론트홀 라우터(Fronthaul Router)의 일종이다. 하나의... ,"Thu, 18 Aug 2022 09:54:00 +0900"
87,"광주, 공장 내 폐기물 더미서 새벽 &apos;불&apos;...인명피해 없어",http://www.joongang.tv/news/articleView.html?idxno=56115,http://www.joongang.tv/news/articleView.html?idxno=56115,"신고를 받고 출동한 소방당국은 펌프차 3대 등 <b>장비</b> 11대, 소방력 34명을 동원해 화재를 진압했다. 소방당국은 폐기물 포대에 불씨가 남아있는 담배꽁초로 인해 발화됐을 가능성이 있는 것으로 보고 화재원인을 조사... ","Thu, 18 Aug 2022 09:54:00 +0900"
88,"조광페인트, 세계 최초 5G 음영 지역 해소용 도료 개발",http://www.etnews.com/20220818000037,https://n.news.naver.com/mnews/article/030/0003037633?sid=101,해당 기술은 통신 <b>장비</b> 산업 분야 뿐 아니라 국방·선박·항공 등 다양한 분야에 활용할 수 있다. 5G를 넘어 향후 상용화가 예상되는 서브 테라헤르츠 대역 기반의 6G 통신 인프라 구축에도 크게 이바지할 할 수 있을 것으로... ,"Thu, 18 Aug 2022 09:52:00 +0900"
89,"SK에코플랜트, 고농도 폐수처리 신기술 국내 첫 실증 돌입",http://www.sporbiz.co.kr/news/articleView.html?idxno=628942,http://www.sporbiz.co.kr/news/articleView.html?idxno=628942,"미시간기술은 앞으로 전기화학적 수처리 기술이 적용된 <b>장비</b>의 설치와 운영, 효율 테스트를 수행하게 된다. 김병권 대표는 &quot;혁신 기술을 지속 발굴해 환경사업을 고도화하는 노력을 이어 나가겠다&quot;고 밝혔다.","Thu, 18 Aug 2022 09:52:00 +0900"
90,"“라이브커머스 누구나 쉽게”...카페24, 전문가 컨설팅 등 지원 강화",http://www.smartfn.co.kr/view.php?ud=20220818094734368011a912694e_46,http://www.smartfn.co.kr/view.php?ud=20220818094734368011a912694e_46,서울쇼룸)&apos; ▲촬영 <b>장비</b> 기반으로 방송은 물론 마케팅까지 포괄적으로 돕는 &apos;JK라이브 스튜디오(개발사 제이케이디자인랩) 등 각양각색 라이브커머스 앱을 다운로드 받아 사용할 수 있다. 이에 따라 온라인 사업자들은... ,"Thu, 18 Aug 2022 09:52:00 +0900"
91,"[게임 weekly] 넷마블, &apos;세븐나이츠 레볼루션&apos; 신규 영웅 추가 외",http://www.womentimes.co.kr/news/articleView.html?idxno=57470,http://www.womentimes.co.kr/news/articleView.html?idxno=57470,"&apos;솔라레의 창&apos;은 <b>장비</b>의 격차 없이 동일한 <b>장비</b>로 겨루는 3:3 매칭 PvP 콘텐츠로, 60레벨 이상 전승·각성 캐릭터를 보유한 유저라면 누구나 참여 가능하다. 또 프리 시즌 전장 △올룬의 계곡 △쏠의 유적에서 △만샤움 숲... ","Thu, 18 Aug 2022 09:52:00 +0900"
92,"동국제약 올해 상반기와 2분기, 사상 최대 매출 실적",http://www.bokuennews.com/news/article.html?no=219700,http://www.bokuennews.com/news/article.html?no=219700,"이동형 CT, 초음파 등 진단<b>장비</b>와 인공지능(A.I.), 체외진단기기, 인공관절 사업의 의료기기 영역에서 신수요 창출 및 신시장 안착으로 지속적인 매출증대를 이룰 것으로 예측된다.","Thu, 18 Aug 2022 09:52:00 +0900"
93,"강북, 북한산 국제클라이밍센터 교육프로그램 수강생 모집",http://www.shinailbo.co.kr/news/articleView.html?idxno=1588236,http://www.shinailbo.co.kr/news/articleView.html?idxno=1588236,"수강생들은 첫날 △스포츠클라이밍 개요 △안전수칙 △<b>장비</b> 및 안전벨트 착용법 △오토매틱 사용방법 등을... 하네스, 로프, 확보기 등 등반 <b>장비</b>는 센터에서 무료로 대여할 수 있으나, 개인 암벽화는 직접 가져와야... ","Thu, 18 Aug 2022 09:52:00 +0900"
94,"골프존, 침수 피해 스크린골프 매장 대상 복구 지원[필드소식]",https://www.sedaily.com/NewsView/269UG6599J,https://sports.news.naver.com/news.nhn?oid=011&aid=0004088787,"침수피해 복구 지원은 골프존이 공급한 <b>장비</b>들을 대상으로 하며 복구하는데 발생하는 부품 수리비, 교체비, 인건비 등 복구 관련 비용을 전액 지원할 계획이다. 박강수 골프존 대표이사는 “올여름 집중호우로 인해 많은... ","Thu, 18 Aug 2022 09:51:00 +0900"
95,"[fn오전시황]코스피, 동학개미 순매수에도 2500 붕괴",http://www.fnnews.com/news/202208180947145059,https://n.news.naver.com/mnews/article/014/0004884905?sid=101,"86%) 등 모두 하락세다. 업종별로 음식료품(0.63%) 등이 상승세다. 반면, 운수<b>장비</b>(-2.32%) 등이 하락세다. 시가총액 상위종목별로 삼성전자(0.5%) 등이 상승세다. 반면 LG에너지솔루션(-1.6%) 등이 하락세다.","Thu, 18 Aug 2022 09:51:00 +0900"
96,[취임을 축하합니다] 이준호 창녕경찰서장,http://www.knnews.co.kr/news/articleView.php?idxno=1383700,http://www.knnews.co.kr/news/articleView.php?idxno=1383700,"서울 출신인 이 서장은 지난 1995년 경찰에 입문해 경찰대학 치안정책연구소 기획운영과 계장, 서울노원경찰서 노원역지구대장, 서울청 기동단 <b>장비</b>과장, 경찰청 경비 위기관리센터 치안상황실 팀장을 거쳤다. 고비룡... ","Thu, 18 Aug 2022 09:50:00 +0900"
97,"“대우조선, 잠수함 계약 후 무리한 선(先)발주로 800억 손실볼 판”",http://www.edaily.co.kr/news/newspath.asp?newsid=01758086632428632,https://n.news.naver.com/mnews/article/018/0005294915?sid=101,"대우조선해양은 인도네시아로부터 계약금도 받지 않은 상태에서 핵심 <b>장비</b>를 선발주한 것에 대해 “인도네시아 정부의 계약발효 가능성이 매우 높은 것으로 판단했고, 독점 공급하는 핵심 기자재에 대한 납기 리스크... ","Thu, 18 Aug 2022 09:50:00 +0900"
98,"보령, ESG경영 강화… 국립공원공단과 업무협약",http://www.medisobizanews.com/news/articleView.html?idxno=89841,http://www.medisobizanews.com/news/articleView.html?idxno=89841,"협약식 자리에서는 공단 직원들이 현장근무시 발생할 수 있는 근골격계 질환예방에 도움이 되는 보호<b>장비</b> 8품목 1300여 개를 기부하는 전달식도 함께 이뤄졌다. 보령은 보호<b>장비</b> 기부를 시작으로, 임직원 봉사활동 등... ","Thu, 18 Aug 2022 09:50:00 +0900"
99,"루켄테크놀러지스, 내년 코스닥 상장 재도전",http://www.newsis.com/view/?id=NISX20220818_0001982285&cID=10403&pID=15000,https://n.news.naver.com/mnews/article/003/0011369469?sid=101,디스플레이 검사<b>장비</b> 기업 루켄테크놀러지스는 내년 코스닥 상장에 재도전한다고 18일 밝혔다. 회사 측에 따르면 루켄테크놀러지스는 지난 2017년 코넥스 시장에 상장했다. 디스플레이 검사 <b>장비</b>·부품 분야를... ,"Thu, 18 Aug 2022 09:50:00 +0900"
100,"&quot;중고차 살 때 무조건 무조건이야&quot;…침수차, 카히스토리로 무료 조회",http://news.mk.co.kr/newsRead.php?no=730025&year=2022,https://n.news.naver.com/mnews/article/009/0005005818?sid=101,연간 발생하는 침수차량 피해 중 <b>장마</b>철 집중호우로 인해 통상 7~10월 기간 중 침수차량 비중이 90%가 넘는다. 올해도 집중호우로 인해 다수의 침수차량 발생했다. <b>장마</b>철 이후 중고차 구입 계획이 있다면 보험개발원이... ,"Thu, 18 Aug 2022 10:20:00 +0900"
101,"에스알, 노사 공동 수해지역 복구 활동 나서",https://hobbyen.co.kr/news/newsview.php?ncode=1065574131226665,https://hobbyen.co.kr/news/newsview.php?ncode=1065574131226665,이종국 SR 대표이사는 “긴 <b>장마</b>와 집중호우로 수해를 입은 이재민들의 피해가 빨리 복구되기를 바란다”며 “어려움을 겪는 국민들에게 도움이 될 수 있도록 사회적 책임을 다하고 지역사회와 상생에 더욱... ,"Thu, 18 Aug 2022 10:12:00 +0900"
102,"충북농기원 &quot;사과 탄저병 방제, 병든 열매 따내고 적용 약제 살포&quot;",http://www.jbnews.com/news/articleView.html?idxno=1368705,http://www.jbnews.com/news/articleView.html?idxno=1368705,사과 탄저병은 여름철 <b>장마</b>기 과실의 품질에 치명적인 피해를 주는 병해로 25~28℃의 다습한 경우 발생이 늘어난다. 또 빗물에 의해 다른 열매로 감염될 수 있으므로 특별 관리가 필요하다. 탄저병균은 지난해 감염된 잎과... ,"Thu, 18 Aug 2022 10:12:00 +0900"
103,반지하에도 &apos;삶&apos;이 있다,http://www.ohmynews.com/NWS_Web/View/at_pg.aspx?CNTN_CD=A0002858279&CMPT_CD=P0010&utm_source=naver&utm_medium=newsearch&utm_campaign=naver_news,https://n.news.naver.com/mnews/article/047/0002363298?sid=102,<b>장마</b>가 길어지면 행거에 걸어둔 겨울옷부터 하얗게 곰팡이가 피어났다. 계절이 바뀌어도 동네 세탁소에 1년 내내 외투를 안 찾아가는 사람이 왜 그렇게 많은지 알 것 같았다. 여름철에도 안전한 옷장은 세탁소밖에 없다.... ,"Thu, 18 Aug 2022 09:58:00 +0900"
104,"서구 괴정동 새마을부녀회, 이동 빨래방 운영",http://www.dtnews24.com/news/articleView.html?idxno=730111,http://www.dtnews24.com/news/articleView.html?idxno=730111,"괴정동 새마을부녀회는 이동 세탁 차량을 활용해 거동이 어려운 가구를 대상으로 무료 세탁 서비스를 지원했으며, 특히 <b>장마</b>철 건조가 어려운 이불 세탁 등을 실시해 관내 취약계층의 호응이 높았다. 김영순 회장은... ","Thu, 18 Aug 2022 09:54:00 +0900"
105,"거창군, 하절기 가축무료 순회진료 실시",https://www.gukjenews.com/news/articleView.html?idxno=2531285,https://www.gukjenews.com/news/articleView.html?idxno=2531285,"거창군, 하절기 가축무료 순회진료 실시 자료사진 거창군은 지난 17일 신원면 21개 마을의 소 사육농가에 하절기 폭염, <b>장마</b> 등으로 인한 가축 질병 예방을 위해 거창군 공수의 8명이 가축 무료 순회 진료를 실시했다. 이번... ","Thu, 18 Aug 2022 09:44:00 +0900"
106,"&quot;北 검덕광산, 경제적 잠재력 상당…인프라 부족으로 낙후&quot;",https://www.yna.co.kr/view/AKR20220818025400504?input=1195m,https://n.news.naver.com/mnews/article/001/0013382120?sid=100,또 지형이 가파르고 접근성이 떨어지며 <b>장마</b>철에 수위가 높아져 홍수나 태풍에 저지대 시설들이 쉽게 피해를 볼 수 있어 재건이 쉽지 않다고 설명했다. 보고서는 그러면서 &quot;교통체계 개선과 같은 실질적인 인프라 투자... ,"Thu, 18 Aug 2022 09:30:00 +0900"
107,"3년 후 초고령시대, 증가하는 퇴행성관절염에는 예방이 최선",http://www.medical-tribune.co.kr/news/articleView.html?idxno=108933,http://www.medical-tribune.co.kr/news/articleView.html?idxno=108933,무더위와 <b>장마</b>로 여름철에 부담이 높아진다. 습도가 높아지면 기압이 낮아지는데 상대적으로 관절 내부 압력은 높아져 통증이 강해지기 때문이다. 에어컨의 찬바람도 관절을 경직시킬 수 있다. 퇴행성관절염 초기에는... ,"Thu, 18 Aug 2022 09:30:00 +0900"
108,"경북도, 추석 명절 성수식품 일제점검 실시",https://www.job-post.co.kr/news/articleView.html?idxno=59366,https://www.job-post.co.kr/news/articleView.html?idxno=59366,"아울러, <b>장마</b>철 고온다습한 환경에서 식중독 사고를 예방하기 위해 식재료 및 음식 등의 조리·보관·관리에 각별한 주의가 요구되면서 식중독예방 홍보활동도 함께 진행할 계획이다. 식중독 사고 예방을 위해서는 ▷조리가... ","Thu, 18 Aug 2022 09:28:00 +0900"
109,변화된 골프코스 관리환경 잔디 교체 가속화···신품종 종자 관심 높아,http://www.golfin.co.kr/news/articleView.html?idxno=5411,http://www.golfin.co.kr/news/articleView.html?idxno=5411,"가뭄은 초여름까지 이어졌고, <b>장마</b>가 시작되긴 했으나 기대보다 낮은 강수량(특히 남부지역은 마른<b>장마</b>가 됨)으로 충분히 해갈되지 못했다. 따라서 오는 가을에도 예년 수준의 코스잔디 품질은 기대하기 어려울 수... ","Thu, 18 Aug 2022 09:26:00 +0900"
110,"[여지훈의 이야기力] 고갈, 정처 없는 표류 (上)",http://www.updownnews.co.kr/news/articleView.html?idxno=302387,http://www.updownnews.co.kr/news/articleView.html?idxno=302387,"8.15 광복절을 맞아 서울 곳곳에서 열린 도심 집회, 음식을 먹고 머리카락이 나왔다고 속인 유명 유튜버, <b>장마</b>철 거듭되는 폭우로 초래된 산사태, 국내 기업들에 관한 이런저런 논란거리까지…. 국내에서만 이슈는 차고도... ","Thu, 18 Aug 2022 09:06:00 +0900"
111,&lt;약초21&gt;여성 약초 ‘천궁’,https://www.farmnmarket.com/news/article.html?no=17820,https://www.farmnmarket.com/news/article.html?no=17820,"천궁은 뿌리 뻗음이 좋지 않으므로 어느 정도 습기를 유지시켜 줄 필요가 있지만, 물 빠짐이 나쁘면 <b>장마</b>철에 썩기 쉽다. * 이 기사는 &lt;팜앤마켓매거진 2022년 8월호&gt;에서 더 자세히 볼 수 있습니다.","Thu, 18 Aug 2022 09:06:00 +0900"
112,"소다, 22 F/W 신제품 ‘세미 라운드 버클 로퍼’ 선보여",http://www.globalepic.co.kr/view.php?ud=20220817164506874967114f971d_29,http://www.globalepic.co.kr/view.php?ud=20220817164506874967114f971d_29,오랜 <b>장마</b> 끝 아침저녁으로 조금은 시원한 바람을 느낄 수 있는 입추가 시작됐다. 어디든 걷기 좋은 날씨에 컨템포러리 슈즈 브랜드 소다(SODA)가 무슨 옷과 매치해 신어도 찰떡같이 잘 어울리는 22 F/W 신제품 ‘세미... ,"Thu, 18 Aug 2022 09:06:00 +0900"
113,"美정보당국 &quot;북한 검덕지구, 상습 수해로 재건·잠재력 발휘 어려워&quot;",https://www.news1.kr/articles/4776217,https://n.news.naver.com/mnews/article/421/0006283610?sid=101,그러나 특수한 지형 조건 탓에 <b>장마</b>와 태풍 등의 피해를 많이 입는 지역이기도 했다. NGA는 &quot;검덕지구는 <b>장마</b>철이 되면 수위(water level)가 높아지고 저지대에 위치한 시설들이 피해를 입을 수 있는 환경&quot;이라며 &quot;앞으로도... ,"Thu, 18 Aug 2022 09:03:00 +0900"
114,"소형 가전 브랜드 오아, 웨이브 연출 위한 이지봉고데기 출시",https://www.itbiznews.com/news/articleView.html?idxno=74919,https://www.itbiznews.com/news/articleView.html?idxno=74919,최근 <b>장마</b>에 이어 집중 호우로 꿉꿉해 진 날씨 덕에 외출 준비 때 세팅한 머리가 금방 풀어진다. 오아 &apos;이지봉고데기&apos;는 티타늄 코팅열판으로 모발 손상이 적고 부드러운 사용감으로 모발 컨디션에 따라 세밀한 6단계... ,"Thu, 18 Aug 2022 09:02:00 +0900"
115,자연재해에 발목 잡힌 코리안리…실적·주가 &apos;불확실성&apos; 커진다,http://news.einfomax.co.kr/news/articleView.html?idxno=4229212,http://news.einfomax.co.kr/news/articleView.html?idxno=4229212,이는 역대 <b>장마</b>철 중 최대치다. 대부분의 손보사는 재보험 프로그램을 통해 리스크를 관리하는 만큼 손해액의 상당 부분은 코리안리 등 재보험사들의 부담으로 전가될 전망이다. 앞서 손보업계 추정 손해액의... ,"Thu, 18 Aug 2022 08:56:00 +0900"
116,"“람보르기니 100만원에 가져가실 분”… 화제의 침수차, 팔렸나?",http://www.edaily.co.kr/news/newspath.asp?newsid=01436646632428632,https://n.news.naver.com/mnews/article/018/0005294799?sid=102,"A씨는 “<b>장마</b>철 서울에 갔다가 침수됐다. 실내는 깨끗하고 시동은 안 켜지지만 에어컨이랑 노래, 전조등, 후미등 다 나온다”라며 “견인해서 집 주차장이나 마당에 장식용으로 쓰실 분 가져가라”고 적었다. 해당... ","Thu, 18 Aug 2022 08:56:00 +0900"
117,"“장식용으로 쓰세요” 침수된 람보르기니, 당근마켓서 100만 원에 판매",https://www.etoday.co.kr/news/view/2164552,https://www.etoday.co.kr/news/view/2164552,"작성자 A씨는 16일 “<b>장마</b>철 서울에 갔다가 침수됐다”며 “실내는 깨끗하고 시동은 안 켜지지만 에어컨이랑 노래, 전조등, 후미등 다 나온다. 견인해서 집 주차장이나 마당에 장식용으로 쓰실 분 가져가라”는 글과... ","Thu, 18 Aug 2022 08:54:00 +0900"
118,[낚시터] 의성 개천지_마름 포켓은 배스 자판기,https://fishingseasons.co.kr/fishplace/fishplace_view.asp?b_no=15572&code=n,https://fishingseasons.co.kr/fishplace/fishplace_view.asp?b_no=15572&code=n,그런데 취재를 한 주를 남겨 놓은 상태에서 <b>장마</b>가 시작됐다. 바닥을 보이기 직전이었던 저수지들은 하루 만에 만수가 되었다.이 상태에서는 취재가 힘들다고 판단했다. 우리는 비가 내리지 않은 지역인 경상북도에... ,"Thu, 18 Aug 2022 08:50:00 +0900"
119,"곡성군, 명품 사과 생산을 위한 현장 교육 호응",http://www.breaknews.com/916803,http://www.breaknews.com/916803,"또한 여름철 토양과 수분 관리를 통한 일소 및 엽소 피해 예방, <b>장마</b> 후 병해충 관리 등 생육 중 발생할 수 있는 문제점과 해결 방법에 대해 질의 응답하는 등 생생한... ","Thu, 18 Aug 2022 08:48:00 +0900"
120,폭우에 골프장도 피해 속출...&quot;앞으로 더 잦아진다&quot;,https://view.asiae.co.kr/article/2022081714380040062,https://n.news.naver.com/mnews/article/277/0005134199?sid=102,최근 홍콩 과학기술대 연구팀이 투고한 지구온난화가 동아시아 지역 <b>장마</b>에 미치는 영향을 다룬 논문에 따르면 한반도 여름철 호우일수는 최대 15일 더 늘어날 수 있는 것으로 나타났다. 이준이 부산대 기후과학연구소... ,"Thu, 18 Aug 2022 08:28:00 +0900"
121,"음식에 핀 곰팡이, 잘라내 먹어도 될까?",http://sports.chosun.com/news/ntype.htm?id=202208190100127990007809&servicedate=20220818,https://n.news.naver.com/mnews/article/076/0003906016?sid=102,여름철 더위와 <b>장마</b>가 이어지면서 벌레나 곰팡이 등 이물질이 식품에 혼입될 가능성이 높아져 주의가 요구된다. 식품의약품안전처의 최근 5년간(2017~2021년) 가공식품 이물 신고 현황 분석에 따르면 전체의 39.5%가 벌레와... ,"Thu, 18 Aug 2022 08:18:00 +0900"
122,&quot;5억 람보르기니 침수차 100만 원에 판매&quot;…이득? 사기?,https://news.sbs.co.kr/news/endPage.do?news_id=N1006864006&plink=ORI&cooper=NAVER,https://n.news.naver.com/mnews/article/055/0000993586?sid=102,"판매자는 &apos;<b>장마</b>철 서울에 갔다가 침수됐다&apos;며 &apos;시동은 안 켜지지만 에어컨이랑 노래, 전조등, 후미등 다 나온다&apos;는 글과 함께 노란색 스포츠카 사진을 올렸습니다. 이어 &apos;견인해서 집 주차장이나 마당에 장식용으로 쓰실... ","Thu, 18 Aug 2022 08:14:00 +0900"
123,"소다, 양가죽 소재 &apos;세미 라운드 버클 로퍼&apos; 출시",http://www.slist.kr/news/articleView.html?idxno=377478,http://www.slist.kr/news/articleView.html?idxno=377478,오랜 <b>장마</b> 끝 아침저녁으로 조금은 시원한 바람을 느낄 수 있는 입추가 시작됐다. 어디든 걷기 좋은 날씨에 슈즈 브랜드 소다(SODA)가 무슨 옷과 매치해 신어도 찰떡같이 잘 어울리는 &apos;세미 라운드 버클 로퍼&apos;를 출시했다.... ,"Thu, 18 Aug 2022 08:06:00 +0900"
124,[실시간 e뉴스] &quot;한반도 하늘은 빵빵한 물풍선…언제든 폭우 가능&quot;,https://news.sbs.co.kr/news/endPage.do?news_id=N1006864002&plink=ORI&cooper=NAVER,https://n.news.naver.com/mnews/article/055/0000993581?sid=102,"상대습도는 대기 중 수증기 비율을 나타낸 지표인데요, 80% 이상 습도는 일반적으로 <b>장마</b>철 강수일에나 볼 수 있지만 이번 8월, 조사 기간은 <b>장마</b> 기간이 아니었습니다. 8월 초 습도는 75% 전후가 보통이라고요.... ","Thu, 18 Aug 2022 08:01:00 +0900"
125,"사과 탄저병 방제, 병든 열매 따내고 적용약제 살포 해야",https://www.wikitree.co.kr/articles/781361,https://www.wikitree.co.kr/articles/781361,사과 탄저병은 여름철 <b>장마</b>기 과실의 품질에 치명적인 피해를 주는 병해 중 하나이다. 병이 발생하기 좋은 온도는 25℃~28℃로 습기가 많은 기상 조건에서 발생이 늘어난다. 또 빗물에 의해 다른 열매로 감염될 수 있오ㅓ... ,"Thu, 18 Aug 2022 07:56:00 +0900"
126,한반도 상공에 떠있는 &apos;거대 물주머니&apos; 진짜였다..습도 수치로도 증명,http://www.fnnews.com/news/202208180746414377,https://n.news.naver.com/mnews/article/014/0004884769?sid=102,"상대습도가 역대 1위였던 날은 지난 2020년으로 <b>장마</b>가 8월 16일까지 이어져 관측사상 최장 기록을 경신한 85%였다. 역시 8월 <b>장마</b>가 있었던 1987년과 평년보다 여름이 서늘했던 1993년, 수해로 수백 명이 사망한 1998년은... ","Thu, 18 Aug 2022 07:53:00 +0900"
127,폭염에 ‘2차 <b>장마</b>’…병해충 방제 비상,https://news.kbs.co.kr/news/view.do?ncd=5535541&amp;ref=A,https://n.news.naver.com/mnews/article/056/0011322929?sid=102,"[앵커] 때늦은 &apos;2차 <b>장마</b>&apos;로 도시, 농촌 할 것 없이 피해가 컸는데요. 지난달에 &apos;마른 <b>장마</b>&apos;로 폭염이 이어진 뒤에 이달 들어서는 비가 자주 내리면서, 농촌에서는 병해충 방제에 비상이 걸렸습니다. 김종환 기자가... ","Thu, 18 Aug 2022 07:37:00 +0900"
128,"&quot;침수된 람보르기니 100만원에 사세요&quot;..당근마켓, 하루종일 들썩들썩",http://www.fnnews.com/news/202208180726563853,https://n.news.naver.com/mnews/article/014/0004884760?sid=102,"그는 “<b>장마</b>철 서울에 갔다가 침수됐다”며 “실내는 깨끗하고 시동은 안 켜지지만, 에어컨이랑 노래, 전조등, 후미등 다 나온다&quot;는 글과 함께 노란색 람보르기니 사진을 올렸다. 그는 &quot;견인해서 집 주차장이나 마당에... ","Thu, 18 Aug 2022 07:33:00 +0900"
129,[뉴스1 PICK]여름과 선선한 가을 바람 사이,https://www.news1.kr/articles/4776083,https://n.news.naver.com/mnews/article/421/0006283480?sid=102,"올해 여름은 사상 첫 6월 열대야가 나타나며 이례적 초여름 무더위로 시작 , <b>장마</b>가 지난 뒤 폭염이 예상됐다. 하지만 <b>장마</b>가 다시 시작된 것처럼 전국에 많은 비가 내렸다. 폭우가 다시 내리는 동안 입추와 말복이... ","Thu, 18 Aug 2022 07:30:00 +0900"
130,우리가 알던 여름 아니다…날씨 공식 깨는 기후변화,http://www.yonhapnewstv.co.kr/MYH20220818001900641/?input=1825m,https://n.news.naver.com/mnews/article/422/0000556324?sid=103,"특히 <b>장마</b>를 비롯해 날씨 공식들이 하나 둘씩 깨지고 있는데요. 기후변화로 날씨가 어떻게 변하고 있는 지... 보통 여름이 끝날 무렵 찾아오던 &apos;2차 <b>장마</b>&apos;가 이례적으로 일찍 시작한 것입니다. 7월 <b>장마</b>, 8월 무더위라는... ","Thu, 18 Aug 2022 07:26:00 +0900"
131,"충북농기원, &apos;잦은 강우&apos; 사과 탄저병 약제 방제 철저 &apos;당부&apos;",http://www.thekpm.com/news/articleView.html?idxno=132440,http://www.thekpm.com/news/articleView.html?idxno=132440,"&apos;사과 탄저병&apos;은 여름철 <b>장마</b>기 과실의 품질에 치명적인 피해를 주는 병해 중 하나이다. 병이 발생하기 좋은 온도는 25℃~28℃로 습기가 많은 기상 조건에서 발생이 늘어난다. 또한, 빗물에 의해 다른 열매로 감염될 수... ","Thu, 18 Aug 2022 06:56:00 +0900"
132,"노원구, 지면 침하 방지 위한 노면하부 공동(空洞)조사",https://view.asiae.co.kr/article/2022081806203932460,https://n.news.naver.com/mnews/article/277/0005134147?sid=102,또 여름철 길어지는 <b>장마</b>와 집중호우 등 달라지고 있는 우리나라의 기후양상으로 인해 토사유실에 따른 지반침하 사고 가능성이 높다. 구는 지난 6월부터 차량통행이 가능한 구 관리도로 총 탐사 연장 354㎞를 대상으로... ,"Thu, 18 Aug 2022 06:50:00 +0900"
133,적정 공기 산정기준 ‘업데이트’,https://www.dnews.co.kr/uhtml/view.jsp?idxno=202208170954377240451,https://www.dnews.co.kr/uhtml/view.jsp?idxno=202208170954377240451,"지난 2020년 역대 최장기간의 <b>장마</b>가 이어진 데다, 올해도 115년 만에 기록적인 폭우가 내리는 등 기후변화를 신속히 반영하기 위한 조치로 풀이된다. 특히, 개정 가이드라인은 ‘공사기간 산정근거의 적정성 검토’를... ","Thu, 18 Aug 2022 06:22:00 +0900"
134,집중호우 기간 당신이 확인해야 할 금융상식 [알기쉬운 경제],http://www.kukinews.com/newsView/kuk202208160183,http://www.kukinews.com/newsView/kuk202208160183,"일각에서는 이를 두고 ‘<b>장마</b>’가 아닌 ‘우기’ 개념으로 바꿔야 한다는 말이 나오고 있는 만큼, 이제는 이런 집중호우가 매년마다 계속 일어날 가능성이 높다는 뜻이기도 합니다. 그렇기 때문에 우리들은 더욱 더... ","Thu, 18 Aug 2022 06:14:00 +0900"
135,&apos;북한 경제 중요 명맥&apos; 검덕 지구 태풍 홍수 피해 여전,http://www.newsis.com/view/?id=NISX20220818_0001981973&cID=10101&pID=10100,https://n.news.naver.com/mnews/article/003/0011369101?sid=104,"보고서는 그러나 매년 <b>장마</b>철에 검덕 지역 하천의 수위가 높아져 저지대 시설들이 피해를 입는 환경이어서... 뒤 <b>장마</b>에 다시 침수되는 등 홍수 피해가 여전하다고 밝혔다. 보고서는 부실한 자원관리, 낡은 장비, 기이한... ","Thu, 18 Aug 2022 06:03:00 +0900"
136,영월군 ‘스포츠파크 어린이 물놀이시설 개장’,http://www.cfnews.kr/news.aspx/62997,http://www.cfnews.kr/news.aspx/62997,"7월 말 개장을 목표로 공사에 박차를 가했지만 예년과 다르게 긴 <b>장마</b>와 집중호우 등 현장 작업이 지연되어왔다. 이에, 군은 당초 8월말까지 운영하려 했으나 기상 등을 고려해 필요시 연장 운영도 검토할 예정이다. 군... ","Thu, 18 Aug 2022 05:04:00 +0900"
137,[단독] 반지하 나와 고시원…현 주거급여로 갈 곳은 ‘지옥고’ 뿐,https://www.hani.co.kr/arti/society/society_general/1055168.html,https://n.news.naver.com/mnews/article/028/0002602792?sid=102,"반지하 주택이 <b>장마</b>철마다 수마로 피해를 본다면, 고시원에서는 화마로 인한 참사가 끊이질 않는다. 2018년 11월 서울 종로구 ‘국일고시원 화재’로 기초생활수급자 4명을 포함한 고시원 거주자 7명이 사망했다.... ","Thu, 18 Aug 2022 05:03:00 +0900"
138,소양강댐 방류 이후 춘천 도심지 수돗물 악취 민원 속출,http://www.kado.net/news/articleView.html?idxno=1140425,https://n.news.naver.com/mnews/article/654/0000017732?sid=102,"춘천지역의 한 온라인 커뮤니티에는 &quot;후평동에 살고 있는데 수돗물에서 흙냄새가 난다&quot;, &quot;<b>장마</b> 이후부터... 소양강댐 상층부는 <b>장마</b>로 주변 흙들이 댐으로 밀려온 데다 여름철 높은 기온으로 인해 미생물이 증식하기 쉬운... ","Thu, 18 Aug 2022 05:01:00 +0900"
139,[오래된 미래 강원 노포 탐방] 13. &apos;희열네 방앗간&apos; 양구떡방앗간,http://www.kado.net/news/articleView.html?idxno=1140362,https://n.news.naver.com/mnews/article/654/0000017700?sid=102,"부부의 첫째 아들인 김상규 방앗간 대표는 &quot;옛날에는 다 함석간판을 했었는데, 함석에다 붓으로 글씨를 써가지고 간판을 만들어 지붕 위에다 올려놓고 돌 같은 걸로 고정시켜놨었다&quot;며 &quot;비바람이 치는 여름 <b>장마</b>철에... ","Thu, 18 Aug 2022 05:01:00 +0900"
140,전국 폭우 병해충 &apos;비상&apos;···팜한농 &apos;과수탄&apos;·&apos;선두플러스&apos;로 대비,http://www.amnews.co.kr/news/articleView.html?idxno=50831,http://www.amnews.co.kr/news/articleView.html?idxno=50831,"특히 사과, 복숭아, 감, 포도 등에 심각한 피해를 일으키는 탄저병은 25도 정도의 기온에 습기가 많은 조건에서 감염이 잘 되고, 비바람에 의해 포자가 이동해 전염돼 <b>장마</b>기에 더욱 신경써야 할 것으로 보인다. 팜한농은... ","Thu, 18 Aug 2022 03:34:00 +0900"
141,8월 전국 상대습도 82%… 역대 5번째로 높아,https://www.donga.com/news/article/all/20220818/115005317/1,https://n.news.naver.com/mnews/article/020/0003446024?sid=102,"상대습도 역대 1위는 <b>장마</b>가 8월 16일까지 이어져 관측사상 최장 기록을 경신한 2020년으로, 85%였다. 역시 8월 <b>장마</b>가 있었던 1987년과 평년보다 여름이 서늘했던 1993년, 수해로 수백 명이 사망한 1998년이 83%로 뒤를... ","Thu, 18 Aug 2022 03:03:00 +0900"
142,"인천시, &apos;가축전염병 대응&apos; 특·광역시 중 1위",https://www.cstimes.com/news/articleView.html?idxno=508985,https://www.cstimes.com/news/articleView.html?idxno=508985,"또한 동절기 대비 축산시설 방역점검, 구제역 백신 미흡농장 특별관리 및 <b>장마</b>철 가축매몰지 사전 점검 등 위험시기에 따라 취약요인을 집중 관리해 왔다. 강승유 인천시 농축산유통과장은 &quot;우리 인천시 방역시책을 믿고... ","Thu, 18 Aug 2022 02:38:00 +0900"
143,공식 다 깨진 &apos;<b>장마</b>와 무더위&apos;...&quot;우기 도입 고려해야&quot;,https://www.ytn.co.kr/_ln/0108_202208180110193014,https://n.news.naver.com/mnews/article/052/0001778093?sid=103,"올해 여름은 &apos;<b>장마</b> 뒤 무더위&apos;라는 공식이 모두 깨졌습니다. 가장 더워야 할 8월에 다시 <b>장마</b>가 찾아온 것처럼 호우가 이어지고 있기 때문인데요, 여름철 날씨의 변동성이 커지면서 이제는 <b>장마</b> 대신 &apos;우기&apos;라는 개념을... ","Thu, 18 Aug 2022 01:10:00 +0900"
144,[조세린 클라크의 문화산책] 물을 다스리는 지도자,https://www.joongang.co.kr/article/25095118,https://n.news.naver.com/mnews/article/025/0003217423?sid=110,"지독히도 습하고 줄기차게 비가 내리던 이번 <b>장마</b> 끝에, 입추가 지나자마자 서울은 ‘물폭탄’을 맞았다. 서울 강남의 브랜드는 이번에 싸이의 말춤에서 제네시스 차량 위에 정장 차림으로 앉아 홍수 장면을 찍어... ","Thu, 18 Aug 2022 00:35:00 +0900"
145,폭염 지나가니 물폭탄…수확앞둔 들녘 &apos;병해충 비상&apos;,http://www.kyongbuk.co.kr/news/articleView.html?idxno=2109921,http://www.kyongbuk.co.kr/news/articleView.html?idxno=2109921,7~8월의 <b>장마</b>기에 많은 비로 인해 뿌리 생육이 나빠지고 병해충의 발병도 높아졌다. 17일 예천군 은풍면에서 과수원을 하는 김봉규(52) 씨는 &quot;폭우 <b>장마</b> 등의 궂은 날씨로 인해 올해 추석 사과가 일조량이 부족해 수확을... ,"Thu, 18 Aug 2022 00:12:00 +0900"
146,&apos;고온다습&apos; 해충 기승…추억의 방역차 등장,http://www.ksilbo.co.kr/news/articleView.html?idxno=944314,http://www.ksilbo.co.kr/news/articleView.html?idxno=944314,▲ 여름철 <b>장마</b>로 인해 모기 등 위생해충이 급증하고 있는 가운데 17일 울산 울주군 청량읍 일원에서 방역대원들이 연무소독 작업을 펼치고 있다. 김동수기자 dskim@ksilbo.co.kr 여름철 <b>장마</b>로 인해 모기 등... ,"Thu, 18 Aug 2022 00:12:00 +0900"
147,[라인 날씨] 동해안 새벽까지 비…오늘도 내륙에 소나기,https://news.kbs.co.kr/news/view.do?ncd=5535470&amp;ref=A,https://n.news.naver.com/mnews/article/056/0011322763?sid=103,이제 <b>장마</b>전선의 영향에서 대부분 벗어나면서 제주 지역에도 비가 그쳤습니다. 하지만 동풍이 불면서 동해안에 비구름이 계속 만들어지고 있는데요. 강원 영동은 오늘 새벽까지 비가 이어지는 곳이 있겠습니다. 또 오늘... ,"Thu, 18 Aug 2022 00:06:00 +0900"
148,&quot;6억 람보르기니 100만원에 팝니다&quot;…당근마켓 침수차 등장 &apos;눈길&apos;,https://www.dailian.co.kr/news/view/1143626/?sc=Naver,https://n.news.naver.com/mnews/article/119/0002631124?sid=103,"A씨는 &quot;<b>장마</b>철 서울에 갔다가 침수됐다. 실내는 깨끗하고 시동은 안 켜지지만 에어컨이랑 노래, 전조등, 후미등 다 나온다&quot;고 설명했다. 그러면서 &quot;견인해서 집 주차장이나 마당에 장식용으로 쓰실 분은 가져가라&quot;며... ","Wed, 17 Aug 2022 22:36:00 +0900"
149,[뉴스9 날씨] 동해안 새벽까지 비…내일도 내륙에 소나기,https://news.kbs.co.kr/news/view.do?ncd=5535415&amp;ref=A,https://n.news.naver.com/mnews/article/056/0011322738?sid=103,"이제 <b>장마</b>전선의 영향에서 대부분 벗어나면서 제주 지역에도 비가 그쳤습니다. 하지만, 동풍이 불면서 동해안에 비구름이 계속 만들어지고 있는데요. 경북 동해안은 늦은 밤까지, 강원 영동은 새벽까지 비가 이어지는... ","Wed, 17 Aug 2022 22:06:00 +0900"
150,대구상수도본부 “가뭄 심각”…수돗물 아껴쓰기 참여 홍보,http://www.ksmnews.co.kr/default/index_view_page.php?idx=390842&part_idx=1,http://www.ksmnews.co.kr/default/index_view_page.php?idx=390842&part_idx=1,"극심한 봄 가뭄 및 <b>장마</b>철 강수량 저조로 인해 지난 16일 기준 운문댐 저수율 23.5%, 가창댐 31.6%, 공산댐 20.5%로, 전년 동기 저수율과 비교해 운문댐은 42.4%p, 가창댐 65.4%p, 공산댐 77.5%p 낮아져 현재 가뭄이 심각한... ","Wed, 17 Aug 2022 22:04:00 +0900"
151,전세계 밥상물가 &apos;비상&apos;…英 7월 물가상승률 40년 만에 최고,http://www.kukinews.com/newsView/kuk202208170211,http://www.kukinews.com/newsView/kuk202208170211,개인서비스는 6.0% 올라 1998년 4월(6.6) 이후 가장 높은 상승률을 기록했으며 그간 이어진 가뭄과 <b>장마</b>의 영향으로 농축수산물은 지난해 12월(7.8%) 이후 최고치인 7.1% 상승률을 나타냈다. 품목별로 보면 돼지고기(9.9... ,"Wed, 17 Aug 2022 21:54:00 +0900"
152,공식 다 깨진 &apos;<b>장마</b>와 무더위&apos;...&quot;우기 도입 고려해야&quot;,https://www.ytn.co.kr/_ln/0108_202208172153562450,https://n.news.naver.com/mnews/article/052/0001778045?sid=103,"올해 여름은 &apos;<b>장마</b> 뒤 무더위&apos;라는 공식이 모두 깨졌습니다. 가장 더워야 할 8월에 다시 <b>장마</b>가 찾아온 것처럼 호우가 이어지고 있기 때문인데요, 여름철 날씨의 변동성이 커지면서 이제는 <b>장마</b> 대신 &apos;우기&apos;라는 개념을... ","Wed, 17 Aug 2022 21:53:00 +0900"
153,"&apos;기후 위기&apos;, 지구 곳곳에서 보내고 있는 최악의 신호들...모두가 현실 직시해...",https://www.dailyt.co.kr/newsView/dlt202208170001,https://www.dailyt.co.kr/newsView/dlt202208170001,"특히 최근 약 한 달여간의 기간 <b>장마</b>가 쏟아졌다. 전문가 등은 <b>장마</b>가 끝난 뒤 다시 엄청난 무더위가 다가올 것이라고 예측했지만, 예상은 완전히 빗나갔다. <b>장마</b>가 지나갔다고 생각했지만 이례적인 폭우가 쏟아진 것.... ","Wed, 17 Aug 2022 21:52:00 +0900"
154,인천시 가축전염병 대응 노력 인정,http://www.kihoilbo.co.kr/news/articleView.html?idxno=992342,http://www.kihoilbo.co.kr/news/articleView.html?idxno=992342,"공동방제단 운영, 상시 거점소독시설 설치·운영 지원 등 차단방역 사업들을 추진했다. 동절기 대비 축산시설 방역 점검과 구제역 백신 미흡 농장 특별관리, <b>장마</b>철 가축매몰지 사전 점검 등 취약 요인들도 집중 관리했다.","Wed, 17 Aug 2022 21:50:00 +0900"
155,호우·폭염에 채소·과일값 급등…추석 차례상 가격 부담 커진다,https://www.khan.co.kr/economy/market-trend/article/202208172143015,https://n.news.naver.com/mnews/article/032/0003167217?sid=101,"이마트의 경우 긴 <b>장마</b>로 일조량이 부족해 사과, 배 등 과일 시세는 오름세를 보이고, 채소류는 지금보다 가격이 10% 이상 오를 것으로 예상했다. 이마트 관계자는 “다음달 1일부터 추석선물 매장 판매에 돌입한다”면서... ","Wed, 17 Aug 2022 21:45:00 +0900"
156,"전북, 폭염에 ‘2차 <b>장마</b>’…병해충 방제 비상",https://news.kbs.co.kr/news/view.do?ncd=5535299&amp;ref=A,https://n.news.naver.com/mnews/article/056/0011322635?sid=102,"[앵커] 때늦은 &apos;2차 <b>장마</b>&apos;로 도시, 농촌 할 것 없이 피해가 컸는데요. 지난달에 &apos;마른 <b>장마</b>&apos;로 폭염이 이어진 뒤에 이달 들어서는 비가 자주 내리면서, 농촌에서는 병해충 방제에 비상이 걸렸습니다. 김종환 기자가... ","Wed, 17 Aug 2022 21:36:00 +0900"
157,고령농업인 머리 가꾸기로 `젊음 선물`,http://www.gnmaeil.com/news/articleView.html?idxno=502090,http://www.gnmaeil.com/news/articleView.html?idxno=502090,농업인 이동식 세탁차량을 이용해 거동이 불편한 고령농업인 10가구를 선정해 <b>장마</b>철 눅눅해진 이불도 세탁해 어르신들에게 쾌적함도 제공했다. 이날 행사에 의령군 대의면 이택순 면장， 농협 의령군지부 신해근... ,"Wed, 17 Aug 2022 21:30:00 +0900"
158,"대구, 수돗물 아껴쓰면 선물이 펑펑",http://www.dkilbo.com/news/articleView.html?idxno=373693,http://www.dkilbo.com/news/articleView.html?idxno=373693,가뭄·<b>장마</b>철 강수량 저조 극복 24일까지 절약 실천 SNS 게재 대구시 상수도사업본부는 가뭄 장기화에 따른 생활 속 물 절약 실천을 위한 &apos;수돗물 아껴쓰기&apos; 캠페인을 진행한다. 극심한 봄 가뭄 및 <b>장마</b>철 강수량 저조로... ,"Wed, 17 Aug 2022 21:26:00 +0900"
159,충주호에 나타난 &apos;쓰레기섬&apos;…폭우 끝나니 쓰레기와 전쟁,http://news.tvchosun.com/site/data/html_dir/2022/08/17/2022081790215.html,https://n.news.naver.com/mnews/article/448/0000370369?sid=102,"전국을 할퀸 집중호우는 일단 한숨돌렸지만, 매년 <b>장마</b> 뒤 하천 하류와 호수, 댐에선 쓰레기와의 전쟁이... 이영인 / 수거작업자 &quot;빨리 안 건지면은 이게 가라앉는다고 가라앉으면 다음 <b>장마</b> 때 그때 또 물이 뒤집힐 때... ","Wed, 17 Aug 2022 21:21:00 +0900"
160,"의령농협, 고령 농업인 이·미용 봉사",http://www.gnnews.co.kr/news/articleView.html?idxno=507761,http://www.gnnews.co.kr/news/articleView.html?idxno=507761,"농협은 또 농업인 이동식세탁차량을 이용해 거동이 불편한 고령농업인 10가구를 선정해 <b>장마</b>철 이불을 세탁해 어르신들에게 쾌적함을 제공했다 이날 행사에는 대의면 이택순 면장, 농협 의령군지부 신해근 지부장이... ","Wed, 17 Aug 2022 21:18:00 +0900"
161,반지하 주택 직접 피해 없으면 보상 제외,http://www.joongboo.com/news/articleView.html?idxno=363554422,http://www.joongboo.com/news/articleView.html?idxno=363554422,사진=독자 제공 &quot;<b>장마</b>가 지속되면서 집에 심한 악취가 났고 나중엔 잠을 자기도 힘들었습니다. 갈라진 벽에 생긴 누수로 벽은 물론 장농과 안에 든 옷까지 곰팡이가 핀 것을 확인했지만 증명이 안돼 아무런 보상도 받지... ,"Wed, 17 Aug 2022 20:36:00 +0900"
162,충주호에 4500톤 &apos;쓰레기섬&apos;…폭우가 흘려보낸 재앙,https://news.jtbc.co.kr/article/article.aspx?news_id=NB12071238,https://n.news.naver.com/mnews/article/437/0000310264?sid=102,가라앉으면 다음 <b>장마</b> 때 또 물이 뒤집힐 때 그때 또 건져야 되니까 그동안 썩잖아.] 지난 8일부터 12일까지 충북과 강원 등 폭우가 쏟아졌던 14개 시군에서 떠내려온 겁니다. 그러면서 모인 양만 4천 5백 톤가량입니다.... ,"Wed, 17 Aug 2022 20:36:00 +0900"
163,폭우와 치수,https://www.cctoday.co.kr/news/articleView.html?idxno=2166560,https://www.cctoday.co.kr/news/articleView.html?idxno=2166560,올 여름 <b>장마</b>는 이상기후로 인한 무서운 폭우의 모습을 또다시 보여줬다. 서울과 인근 청주의 도심 곳곳이... 대전시도 이번 <b>장마</b>로 곳곳에서 침수피해와 도로 맨홀이 뒤집히는 사고가 이십여 건 발생했다. 다행히 인명피해... ,"Wed, 17 Aug 2022 20:22:00 +0900"
164,&apos;2차<b>장마</b>&apos; 지나가고 선선해진 밤공기,https://www.news1.kr/photos/view/?5532047,https://n.news.naver.com/mnews/article/421/0006283237?sid=102,= 수도권 지역에 열대야가 주춤한 17일 오후 서울 청계천에서 시민들이 휴식을 취하고 있다. 2022.8.17/뉴스1,"Wed, 17 Aug 2022 20:22:00 +0900"
165,&apos;2차 <b>장마</b>&apos; 지나가고 열대야 주춤,https://www.news1.kr/photos/view/?5532038,https://n.news.naver.com/mnews/article/421/0006283228?sid=102,= 수도권 지역에 열대야가 주춤한 17일 오후 서울 청계천에서 시민들이 휴식을 취하고 있다. 2022.8.17/뉴스1,"Wed, 17 Aug 2022 20:20:00 +0900"
166,&apos;2차<b>장마</b>&apos; 지나가고 선선해진 밤공기,https://www.news1.kr/photos/view/?5532046,https://n.news.naver.com/mnews/article/421/0006283232?sid=102,= 수도권 지역에 열대야가 주춤한 17일 오후 서울 청계천에서 시민들이 휴식을 취하고 있다. 2022.8.17/뉴스1,"Wed, 17 Aug 2022 20:20:00 +0900"
167,<b>장마</b> 끝났는데…가뭄 여전,http://www.kwangju.co.kr/article.php?aid=1660734900742352006,http://www.kwangju.co.kr/article.php?aid=1660734900742352006,환경부가 영산강·섬진강 권역에 8월 중에 비가 내리지 않으면 가뭄 ‘심각’ 단계로 격상을 검토하고 있어 비상이 걸렸다. 환경부는 최근(지난 8일~16일) 중부지방에 많은 비가 내려 지난 16일 오후 6시를 기준으로... ,"Wed, 17 Aug 2022 20:16:00 +0900"
168,"광주은행, 무등산 수박 1천만원어치 구매",http://www.kjdaily.com/article.php?aid=1660733990581905004,http://www.kjdaily.com/article.php?aid=1660733990581905004,올해는 <b>장마</b>가 길어져 더더욱 수확에 어려움을 겪었다. 광주은행은 무등산 수박 재배 농가의 어려움 해소를 위해 매년 무등산 수박을 구입하고 있다. 송종욱 광주은행장은 “앞으로도 지역경제에 활력을 불어넣기 위한... ,"Wed, 17 Aug 2022 20:12:00 +0900"
169,웃음꽃,http://www.cctimes.kr/news/articleView.html?idxno=716721,http://www.cctimes.kr/news/articleView.html?idxno=716721,<b>장마</b>철을 지나면서 무더위와 습기에 그들도 힘들게 이 계절을 지나고 있지만 상을 찡그리거나 짜증 내지 않고 여전히 웃고 있음을 보며 내 표정을 다스리게 된다. 그래서 꽃을 싫어하는 이가 없고 우리 마음을 위로하기에... ,"Wed, 17 Aug 2022 20:10:00 +0900"
170,<b>장마</b>·무더위에도 변함없는 이웃사랑,http://www.cctimes.kr/news/articleView.html?idxno=716710,http://www.cctimes.kr/news/articleView.html?idxno=716710,"회원들은 집안을 말끔하게 도배하고 안팎 청소도 병행해 <b>장마</b>철 열악한 주거환경에 시달리던 가족의 해묵은 어려움을 덜었다. 학산면 새마을협의회는 매년 2차례씩 농약병 분리작업, 제초작업 등 환경정비 활동을... ","Wed, 17 Aug 2022 20:10:00 +0900"
171,"의성군, <b>장마</b>후 산림병해충 예찰·방제에 노력",https://www.gukjenews.com/news/articleView.html?idxno=2530987,https://www.gukjenews.com/news/articleView.html?idxno=2530987,의성군이 병해충으로 인한 산림의 피해를 최소화하기 위해&apos;산림병해충 예찰·방제대책본부&apos;를 6월 1일부터 설치·운영중이다. 산림병해충 예찰방제단(1개단) 및 소나무재선충병 예찰원(2개단)을 고용하여 소나무재선충... ,"Wed, 17 Aug 2022 19:58:00 +0900"
172,한반도 상공 ‘거대 물주머니’…이달 전국 습도 역대 5번째,https://www.donga.com/news/article/all/20220817/115003044/1,https://n.news.naver.com/mnews/article/020/0003445940?sid=102,"상대습도 역대 1위는 <b>장마</b>가 8월 16일까지 이어져 관측사상 최장 기록을 경신한 2020년으로, 85%였다. 역시 8월 <b>장마</b>가 있었던 1987년과 평년보다 여름이 서늘했던 1993년, 수해로 수백 명이 사망한 1998년이 83%로 뒤를... ","Wed, 17 Aug 2022 19:58:00 +0900"
173,"음성읍 새마을남녀지도자협, 사랑 나눔 김장 배추 심기",http://www.ccdn.co.kr/news/articleView.html?idxno=775316,http://www.ccdn.co.kr/news/articleView.html?idxno=775316,"이정원 부녀회장은 &quot;지리한 여름 <b>장마</b>와 무더운 날씨에도 불구, 이른 아침부터 구슬땀을 흘린 회원분들의 노고에 감사드린다&quot;며 &quot;앞으로도 주민들의 복지를 위해 노력하겠다&quot;고 밝혔다.","Wed, 17 Aug 2022 19:58:00 +0900"
174,"대구상수도사업본부, ‘수돗물 아껴쓰기’ 이벤트 진행",http://www.sentv.co.kr/news/view/627890,http://www.sentv.co.kr/news/view/627890,"극심한 봄 가뭄 및 <b>장마</b>철 강수량 저조로 인해 이달 16일 기준 운문댐 저수율 23.5%, 가창댐 31.6%, 공산댐 20.5%로, 전년 동기 저수율과 비교해 운문댐은 42.4%p, 가창댐 65.4%p, 공산댐 77.5%p 낮아져 현재 가뭄이 심각한... ","Wed, 17 Aug 2022 19:54:00 +0900"
175,&quot;1억에 &apos;벤츠 침수차&apos; 샀다&quot;…악취·오물 찾다 당했다 &apos;선무당 구별법&apos; [왜몰...,http://news.mk.co.kr/newsRead.php?no=728871&year=2022,https://n.news.naver.com/mnews/article/009/0005005685?sid=103,하지만 이 차는 1년 전 <b>장마</b>철에 침수됐던 사실이 드러났다. 경찰에 적발된 침수차 사기 행각이다. 침수차는... 매년 <b>장마</b>철이 시작되는 6월부터 집중호우와 태풍이 발생하는 9월까지 침수차 발생 위험이 높아진다. 덩달아... ,"Wed, 17 Aug 2022 19:36:00 +0900"
176,"전북, 폭염에 ‘2차 <b>장마</b>’…병해충 방제 비상",https://news.kbs.co.kr/news/view.do?ncd=5535209&amp;ref=A,https://n.news.naver.com/mnews/article/056/0011322546?sid=102,"[앵커] 때늦은 &apos;2차 <b>장마</b>&apos;로 도시, 농촌 할 것 없이 피해가 컸는데요. 지난달에 &apos;마른 <b>장마</b>&apos;로 폭염이 이어진 뒤에 이달 들어서는 비가 자주 내리면서, 농촌에서는 병해충 방제에 비상이 걸렸습니다. 김종환 기자가... ","Wed, 17 Aug 2022 19:28:00 +0900"
177,지구는 일회용이 아니다,http://www.jbnews.com/news/articleView.html?idxno=1368693,http://www.jbnews.com/news/articleView.html?idxno=1368693,한기현 논설고문 지난 8일 서울 동작구에는 하루동안 381㎜의 폭우가 쏟아졌다.1907년 서울에 기상관측이 시작된 이후 115년만에 최고 기록이다.<b>장마</b> 기간인 지난 6월 25일∼7월26일 한 달간 중부지방 평균 강수량... ,"Wed, 17 Aug 2022 19:18:00 +0900"
178,산사태 피해를 줄이기 위해 우리가 해야 할 것들,http://www.jbnews.com/news/articleView.html?idxno=1368692,http://www.jbnews.com/news/articleView.html?idxno=1368692,"시베리아의 38℃ 폭염, 호주 등의 대형산불, 러시아 영구동토층의 기름유출, 40℃를 넘어서는 유럽의 무더위, 2020년 우리나라에 나타난 54일간의 <b>장마</b> 등이 그것이다. 비가 많이 오면 우리는 산사태를 걱정한다. 흙 입자는... ","Wed, 17 Aug 2022 19:08:00 +0900"
179,“침수 슈퍼카 100만 원 판매”…중고마켓 매물 진짜야?,http://www.ichannela.com/news/main/news_detailPage.do?publishId=000000309963,https://n.news.naver.com/mnews/article/449/0000232235?sid=115,<b>장마</b>철 서울에 갔다가 침수되어버렸다. 그래서 현재 시동은 걸리지 않는데 에어컨도 잘 나오고 음악도 잘 들리고 전조등도 모두 정상적으로 작동한 다는 겁니다. 장식용으로 충분히 기능할 수 있으니 이 물건을... ,"Wed, 17 Aug 2022 19:07:00 +0900"
180,"광주은행, 무등산수박 1천만원 구매",http://www.jndn.com/article.php?aid=1660730104342878095,http://www.jndn.com/article.php?aid=1660730104342878095,"더욱이 올해는 길어진 <b>장마</b>로 인해 수확에까지 어려움을 겪기도 했다. 이에 광주은행은 무등산 수박 재배 농가의 애로사항을 조금이라도 해소하고자 매년 무등산 수박을 구입하고 있으며, 올해도 1,000만 원의 수박을... ","Wed, 17 Aug 2022 18:58:00 +0900"
181,영상제보 화면 중계에 치중…‘재난방송’ 제역할 했나,https://www.hani.co.kr/arti/opinion/because/1055145.html,https://n.news.naver.com/mnews/article/028/0002602771?sid=110,그나마 레이더 영상 위에 정체전선(<b>장마</b>전선) 흐름 등을 매직펜으로 표시하면서 쉽고 명료하게 관련 정보를 전달해준 기상청 예보관의 설명이 신선하고 유익했다. 배종찬(인사이트케이 소장)의 빅데이터 칼럼은 폭우 등... ,"Wed, 17 Aug 2022 18:55:00 +0900"
182,생활 속 물 절약 실천하면 선물이 &apos;콸콸콸&apos;,http://www.hidomin.com/news/articleView.html?idxno=491875,http://www.hidomin.com/news/articleView.html?idxno=491875,"한편 <b>장마</b>철 강수량 저조 등에 따른 가뭄으로 대구 수돗물 공급원의 각 댐 저수율이 크게 낮아진 것으로 나타났다. 이달 16일 기준 운문댐 저수율은 23.5%, 가창댐 31.6%, 공산댐 20.5%로 지난해 같은 기간과 비교하면 운문댐... ","Wed, 17 Aug 2022 18:54:00 +0900"
183,광주 청년 정치인들 &quot;민주당 다시 태어나야&quot;,http://www.gjdream.com/news/articleView.html?idxno=617257,http://www.gjdream.com/news/articleView.html?idxno=617257,이 비의 이름은 <b>장마</b>가 아니라 기후위기였다&quot;며 침통해했다. 이에 대해 &quot;집중호우가 사회적 약자를 가장 먼저 덮쳤다&quot;며 &quot;기후재난이 거듭될수록 취약계층의 피해는 더욱 커질 것&quot;이라고 역설했다. 그러나 &quot;지금... ,"Wed, 17 Aug 2022 18:44:00 +0900"
184,"[요즘 농촌, 뜨는 청년] &quot;무궁무진한 허브의 매력, 기능성 화장품 통해 알리고...",http://www.agrinet.co.kr/news/articleView.html?idxno=311719,http://www.agrinet.co.kr/news/articleView.html?idxno=311719,"땅속에서 쑥쑥 잘 자랄 줄 알았던 농작물은 <b>장마</b>와 태풍에 맥없이 꼬꾸라지고, 내 이름으로 된 땅 한 평 마련하는 것도 하늘의 별 따기만큼 어렵다. 난생 처음 겪는 어려움에 맞닥뜨릴 때면 또래들의 평범한 삶이... ","Wed, 17 Aug 2022 18:34:00 +0900"
185,"장수소방서, 벌초기간 &apos;벌쏘임&apos; 주의 당부",http://www.jeollailbo.com/news/articleView.html?idxno=664930,http://www.jeollailbo.com/news/articleView.html?idxno=664930,"장수소방서(서장 소재실)는 <b>장마</b>뒤 무더위에 주택가, 길거리 등 말벌이 출현하기 시작하고 추석이 다가오며 벌초하는 사람이 증가함에 따라 군민들에게 &apos;벌쏘임&apos;에 대한 각별한 주의를 당부했다. 벌은 5~6월부터 벌집을... ","Wed, 17 Aug 2022 18:30:00 +0900"
186,평창산 옥수수 영동고속도 평창휴게소에 대량 납품,https://www.news1.kr/articles/4775976,https://n.news.naver.com/mnews/article/421/0006283106?sid=102,평창푸드통합지원센터의 박창운 본부장은 “<b>장마</b> 때문에 옥수수 작황이 좋지 않은 상황에서도 납품 기일에 맞춰 옥수수를 수확하기 위해 구슬땀을 흘리고 있는 우리 농업인들에게 큰 도움이 되길 바란다”고 밝혔다.,"Wed, 17 Aug 2022 18:28:00 +0900"
187,"&quot;대학은 쉽게 간접고용 쓰는데, 정부는 역할 안 하나&quot;",http://www.laborplus.co.kr/news/articleView.html?idxno=29777,http://www.laborplus.co.kr/news/articleView.html?idxno=29777,"윤경숙 서울지부 덕성여대분회 분회장은 &quot;올해 단체교섭 결렬로 학교 내 선전전과 집중집회를 하며 꽃샘추위와 축축한 <b>장마</b>, 삼복더위를 지냈다. 얼마 뒤면 추석인데 대통령실까지 와서 이런 저런 사정을 말해야 하는 게... ","Wed, 17 Aug 2022 18:20:00 +0900"
188,"[대통령배] 아버지 이어 45년 만에…김의수 감독, &quot;우승 의미 남다르다&quot;",https://www.joongang.co.kr/article/25095011,https://sports.news.naver.com/news.nhn?oid=025&aid=0003217316,"<b>장마</b>로 일정이 계속 밀려 지쳐 있던 대전고 선수들은 새로운 힘을 채웠고, 결국 값진 우승 트로피를 들어 올렸다. 김 감독은 &quot;야구부가 우승할 수 있게 도와주신 선배님들께 모두 감사드린다. 현재 대전고 교장이신... ","Wed, 17 Aug 2022 18:14:00 +0900"
189,"대구시 상수도본부 &quot;&apos;수돗물 아껴쓰기&apos;이벤트 참여하고, 선물도 받으세요!&quot;",https://www.idaegu.co.kr/news/articleView.html?idxno=391856,https://www.idaegu.co.kr/news/articleView.html?idxno=391856,"극심한 봄 가뭄 및 <b>장마</b>철 강수량 저조로 인해 지난 16일 기준 운문댐 저수율 23.5%, 가창댐 31.6%, 공산댐 20.5%로 전년 동기 저수율과 비교해 운문댐은 42.4%포인트, 가창댐 65.4%포인트, 공산댐 77.5%포인트 낮아져 현재... ","Wed, 17 Aug 2022 18:14:00 +0900"
190,"에스알, 노사 팔걷고 수해지역 복구 활동 &apos;구슬땀&apos;",http://www.ikld.kr/news/articleView.html?idxno=259304,http://www.ikld.kr/news/articleView.html?idxno=259304,이종국 SR 대표이사는 &quot;긴 <b>장마</b>와 집중호우로 수해를 입은 이재민들의 피해가 빨리 복구되기를 바란다&quot;면서 &quot;어려움을 겪는 국민들에게 도움이 될 수 있도록 사회적 책임을 다하고 지역사회와 상생에 더욱 노력하겠다&quot;고... ,"Wed, 17 Aug 2022 18:14:00 +0900"
191,"음성읍 새마을지도자협의회·부녀회, 사랑의 김장 배추 심기 행사 진행",http://www.breaknews.com/916718,http://www.breaknews.com/916718,이정원 새마을부녀회장은 “지리한 여름 <b>장마</b>와 무더운 날씨에도 불구하고 이른 아침부터 구슬땀을 흘린 회원분들의 노고에 감사드리며 앞으로도 주민들의 복지를... ,"Wed, 17 Aug 2022 18:14:00 +0900"
192,가전 수요 부진에 양판점 &apos;울상&apos;…하반기도 &apos;먹구름&apos;,http://www.inews24.com/view/1511182,https://n.news.naver.com/mnews/article/031/0000692338?sid=101,"이어 &quot;냉방가전에 기대를 걸었지만, 7월 초에만 반짝 판매가 늘었을 뿐 연이은 <b>장마</b>로 인해 생각보다 판매가 좋지 않았다&quot;며 &quot;하반기에 월드컵 등 스포츠 이벤트가 있긴 하나, 경기 상황 등을 고려하면 판매 부진이... ","Wed, 17 Aug 2022 18:01:00 +0900"
193,주행중 꺼진 시동…폭우에 물 섞인 기름 탓?[이슈시개],https://www.nocutnews.co.kr/news/5803429,https://n.news.naver.com/mnews/article/079/0003675775?sid=102,"정유업계는 <b>장마</b>철이 다가오면 계열 주유소들에 저장탱크의 수분 관리를 당부한다. 주유소가 침수될 경우... 이후 주유기에 사용 중지 인쇄물을 부착하고, 관할 지자체에 해당 사실을 통보해 <b>장마</b>철 침수로 인한 수분... ","Wed, 17 Aug 2022 17:55:00 +0900"
194,&quot;침수된 람보르기니 100만원에&quot;... 법적으로 문제 없을까,http://www.ltn.kr/news/articleView.html?idxno=36129,http://www.ltn.kr/news/articleView.html?idxno=36129,"판매자는 &quot;<b>장마</b>철 서울 갔다 침수됐다&quot;며 &quot;시동은 안켜지지만 에어컨, 전조등, 후미등 다 나온다. 장식용으로 쓰실 분 가져가라&quot;며 글을 올렸습니다. 해당 게시글이 올라온 건 지난 10일입니다. 폭우로 피해를 본 지 이틀... ","Wed, 17 Aug 2022 17:54:00 +0900"
195,"[대통령배] 대전고, 28년 만에 전국대회 우승…곽성준 MVP",https://www.joongang.co.kr/article/25094998,https://sports.news.naver.com/news.nhn?oid=025&aid=0003217303,"<b>장마</b>로 일정이 계속 밀려 지쳐 있던 대전고 선수들은 새로운 힘을 채워 결승전에 나섰다. 대전고는 1회 초부터 3점을 뽑아 기선을 제압했다. 1사 1·3루에서 4번 타자 김해찬이 선제 좌전 적시타를 쳤고, 곽성준의 몸에... ","Wed, 17 Aug 2022 17:54:00 +0900"
196,&apos;100년 폭우&apos; 끄떡없는 대심도터널 꼭 필요,http://news.mk.co.kr/newsRead.php?no=728620&year=2022,https://n.news.naver.com/mnews/article/009/0005005644?sid=103,열흘간이나 이어진 &apos;2차 <b>장마</b>&apos;로 수도권을 비롯한 전국에서 사망자와 실종자가 20여 명에 이르고 천문학적인 재산 피해가 발생했다. 재해 수준의 폭우가 내리는 빈도는 점점 잦아지고 강도는 더 세지고 있다. 시간당 100... ,"Wed, 17 Aug 2022 17:51:00 +0900"
197,"의령농협, 찾아가는 이·미용 봉사 활동펼쳐",http://www.gndomin.com/news/articleView.html?idxno=324170,http://www.gndomin.com/news/articleView.html?idxno=324170,"또한, 농업인 이동식세탁차량을 이용해 거동이 불편한 고령농업인 10가구를 선정해 <b>장마</b>철 눅눅해진 이불도 세탁해 어르신들에게 쾌적함도 제공했다. 행사에 의령군 대의면 이택순 면장, 농협 의령군지부 신해근 지부장이... ","Wed, 17 Aug 2022 17:48:00 +0900"
198,부산진해경자청 하천 환경오염행위 특별단속 추진,http://www.gndomin.com/news/articleView.html?idxno=324078,http://www.gndomin.com/news/articleView.html?idxno=324078,이번 특별감시는 <b>장마</b>철 수질오염 물질의 무단 방류 및 유출 사고 발생 우려가 높은 사업장을 중점적으로 감시·단속하고 관내 주요 하천지역을 지속적으로 모니터링할 계획이다. 경자청은 환경오염물질 배출사업장의... ,"Wed, 17 Aug 2022 17:48:00 +0900"
199,&apos;침수된 람보르기니&apos;가 당근마켓에서 100만원?...허위·사기 매물 조심해야,https://www.ddaily.co.kr/news/article.html?no=244730,https://n.news.naver.com/mnews/article/138/0002130901?sid=105,"A씨는 노란색 람보르기니 차량 사진과 함께 “<b>장마</b>철 서울에 갔다가 침수됐다. 실내는 깨끗하고 시동은 안 켜지지만 에어컨이랑 노래, 전조등, 후미등 다 나온다”며 “견인해서 집 주차장이나 마당에 장식용으로 쓰실... ","Wed, 17 Aug 2022 17:43:00 +0900"
